model,r2,rmse,mae,r2_ci95,rmse_ci95,mae_ci95,q2_cv_oof
Stacked model over representation families,0.801347899274345,0.360372328006926,0.2519218855401822,"[0.6842102836835237, 0.8746934717796739]","[0.3033430043261015, 0.4156393366590096]","[0.21676995484130268, 0.2896558526508951]",0.8090875347612871
Stacked model without language-model members,0.8140063176554858,0.3487016084822174,0.24804190895611833,"[0.7136394462458975, 0.8792046797024847]","[0.29653973251565086, 0.39861231659978064]","[0.2130076385323115, 0.2859742007290369]",0.802232476568611
RDKit-desc | ExtraTrees,0.7760926983357355,0.3825947289606013,0.2622711371686207,"[0.6547255404535898, 0.8558019024767728]","[0.3240170282297196, 0.4373183375322386]","[0.22529539804922272, 0.3010540898483936]",0.7768273138017393
MoLFormer-XL | SVR,0.7253981460965595,0.42369816856534875,0.2933481224974736,"[0.5368940227746883, 0.834067936682756]","[0.3436165482012465, 0.5059460604815554]","[0.25087850408767853, 0.3383653149008346]",0.7759539699101531
ECFP4+Mordred | ExtraTrees,0.8136725252230776,0.3490143658350286,0.25023988708636385,"[0.7165507496810517, 0.8756844660690406]","[0.29841533630738326, 0.39887479380006235]","[0.21745299184583744, 0.28537738962522724]",0.7706454641049386
ChemBERTa-MTR | SVR,0.7091034209049212,0.436088025228037,0.31713968559990485,"[0.5544397987695894, 0.8071554472850241]","[0.37580031431051525, 0.4908618664823722]","[0.27567419743582466, 0.3606453032472563]",0.7696077398178313
MoLFormer-XL+Mordred | SVR,0.7298079095822207,0.42028236746072173,0.30778482856318296,"[0.5904380205531514, 0.8210815349019074]","[0.3665400315804615, 0.47487753125807713]","[0.2689368842100888, 0.3483472373188629]",0.7662895261216156
Mordred | ExtraTrees,0.7610716826025702,0.39521977505356043,0.2829735062033289,"[0.6380598780406487, 0.8375426373702687]","[0.3427257823739492, 0.4469450367091007]","[0.24523684469572016, 0.3230075554623564]",0.7612416443434397
Mordred | Ensemble mean (reproduced reference workflow),0.7463411047901803,0.407220752957276,0.2988073934946813,"[0.6242073561009033, 0.8268288918569358]","[0.35350053144948174, 0.4621820719265017]","[0.2609279467832759, 0.3393037048572181]",0.7581077321918688
ECFP4+Mordred | CatBoost,0.7593880423105027,0.3966098150355812,0.2957983485643758,"[0.6427518814042028, 0.8407837637861822]","[0.3424479537508202, 0.4466622131336677]","[0.2586541028163187, 0.3335267248248903]",0.7508333266102536
ChemBERTa-MTR-199 | SVR,0.7438879272887489,0.4091851647724838,0.2922684909030045,"[0.5966583875488415, 0.8345129854921771]","[0.3468765105917933, 0.4703088945656603]","[0.25451029849063295, 0.33225313888183505]",0.7506098702975803
RDKit-desc | CatBoost,0.744929275621764,0.4083524466949414,0.2973228976869399,"[0.6154284700398253, 0.8297806906718854]","[0.3496564998703856, 0.46185551572384914]","[0.2579353196303585, 0.33657299698660925]",0.7495067368476791
Mordred | CatBoost,0.7350457956798899,0.41618867846006086,0.30677435515056295,"[0.6066466421455653, 0.8132874364746244]","[0.3663317661084879, 0.46621590535485974]","[0.26912818032137836, 0.3485297084673417]",0.7493226432184895
ChemBERTa-ZINC+Mordred | SVR,0.6967160076317306,0.4452763187125093,0.31137351699063825,"[0.5433435247667368, 0.8069939035730366]","[0.3818507659605895, 0.5030704592395091]","[0.2670473197493985, 0.35598246099047715]",0.7467431313482715
ChemBERTa-ZINC+Mordred | ExtraTrees,0.7550169398865001,0.4001961275134266,0.2860939824713394,"[0.6332043606392106, 0.8355687267200649]","[0.34610545132107856, 0.4558621256722024]","[0.24814748553571442, 0.3284323198390036]",0.7450917347806512
"Molecular graph | AttentiveFP, fold ensemble",0.7786347829042459,0.3804166748044901,0.2729740932018721,"[0.6569765478355832, 0.8548857861033429]","[0.3242988144626192, 0.43614142127358435]","[0.23615250160215256, 0.31154268294431786]",0.7450756575899105
RDKit-desc | SVR,0.7396295449680663,0.41257290717489087,0.303073570234304,"[0.6048976025640793, 0.8274907980835484]","[0.3609976906839666, 0.4674947544591678]","[0.26526055073491805, 0.3477854123478493]",0.7368553152700585
ChemBERTa-ZINC+Mordred | CatBoost,0.7341800436036837,0.4168680833314778,0.3022088673584598,"[0.6002095658280983, 0.8205162193955053]","[0.360066729705907, 0.472635593459986]","[0.26352232345769794, 0.3451155553026366]",0.7353720162100599
ECFP4+Mordred | SVR,0.7492977707155977,0.4048404996561421,0.29239501620866837,"[0.6177752569220281, 0.8372609134349717]","[0.34980753771962836, 0.45722156163612837]","[0.25135937217838894, 0.3324497467543711]",0.7320996997260834
ECFP4 | ExtraTrees,0.7983205394950098,0.3631078932841713,0.2517354552907185,"[0.6821845664018208, 0.8668661542197642]","[0.3103101555713496, 0.41418381725205383]","[0.21560142984249653, 0.29011370163653893]",0.7315195889115869
Mordred | SVR,0.6952681114369589,0.4463379412497653,0.3190932444722661,"[0.5479649996773117, 0.7930563350055121]","[0.38763037126376965, 0.5024838025457385]","[0.27526674098209475, 0.3627372621618782]",0.7299018553941562
ECFP4+ChemBERTa-ZINC | SVR,0.7343694054870269,0.41671957493907724,0.2949342400080765,"[0.5730670284033431, 0.8289889532880049]","[0.3495310323535655, 0.4857960032794419]","[0.25513132428248597, 0.3372542842026321]",0.7271257674662958
ECFP4+ChemBERTa-ZINC | ExtraTrees,0.7673866952800557,0.38996185711386777,0.27082993663252125,"[0.637065161477242, 0.850034835336988]","[0.33080795695129894, 0.45053763306490835]","[0.23142062308541053, 0.3141134655901574]",0.7256015488607042
ChemBERTa-MLM | SVR,0.7140009300325753,0.4324014729971176,0.30653107365156956,"[0.5557009819140609, 0.809871055945719]","[0.36881562297943815, 0.496370092938092]","[0.26262637422843693, 0.3523007552360292]",0.7228272866864697
MoLFormer-XL | ExtraTrees,0.6856282426068514,0.45334268839621134,0.3268417530962877,"[0.5326314859740164, 0.7836927388296158]","[0.39649948305734406, 0.509748258844334]","[0.2843100785433117, 0.37162392244714704]",0.7209950953350996
ChemBERTa-ZINC | SVR,0.6734672290304117,0.46202794207573805,0.3117165885835577,"[0.4783794056031544, 0.7934578199022901]","[0.38408189725585024, 0.5398001544271803]","[0.26396706571834155, 0.35877719744878717]",0.7098162794560671
ChemBERTa-ZINC (fine-tuned) | fold ensemble (3-seed mean),0.7379846916309796,0.4138740408245893,0.2929445784224331,"[0.5945713196730168, 0.8291200105186339]","[0.3571119436960569, 0.4704595921607511]","[0.2535125746758931, 0.3359181826806629]",0.709499904487241
ECFP4+Mordred | Ridge,0.7059545399196365,0.4384419428421412,0.3249516449886158,"[0.5494644164106213, 0.8026926490347464]","[0.3829825843142426, 0.49612600032775306]","[0.2852388310130718, 0.3685451269546821]",0.7083342062592671
MoLFormer-XL | CatBoost,0.666187421966357,0.4671498381502266,0.33985172592549934,"[0.5055784404673082, 0.7780156253689725]","[0.4041900326099033, 0.5275193668299546]","[0.2937821212348047, 0.38451003748502216]",0.7080549073319485
ECFP4+ChemBERTa-ZINC | Ridge,0.7244779111699033,0.42440751509341146,0.31350430805924934,"[0.570115512668564, 0.8190679802023347]","[0.3669874920428938, 0.4843882469656538]","[0.2732865473884634, 0.3544375919304341]",0.7045116551481193
ECFP6 | SVR,0.7462624046200316,0.4072839201824514,0.29931539846798744,"[0.6136802297812874, 0.8285504238890246]","[0.3568502906389806, 0.459132419125184]","[0.261165872783523, 0.34136654963428825]",0.6984935827497152
ECFP4+ChemBERTa-ZINC | CatBoost,0.7101169877956985,0.4353276345853247,0.31687101708281523,"[0.5616244692721766, 0.806310279605257]","[0.3741498692782143, 0.4949986857217332]","[0.27590450699143443, 0.35978446113288065]",0.6969368926336323
ECFP4 | CatBoost,0.7536302607469293,0.40132714561003974,0.3028567006666481,"[0.6337223948550036, 0.8302274428059343]","[0.35420361202638195, 0.44675158978227264]","[0.2688638152917684, 0.34114235341929766]",0.6946348449151276
ECFP4-count | SVR,0.7264966720543193,0.42284983149680444,0.3140672656533186,"[0.5833910960210914, 0.8191476401473097]","[0.3660181909268629, 0.4798095388681033]","[0.2742940846859629, 0.3548558465878572]",0.6889866881215327
ECFP4 | SVR,0.7285855678224276,0.42123196775199,0.31302775276611733,"[0.5773360427697102, 0.8213446863406986]","[0.3686903337981578, 0.4751717328203435]","[0.2743111084760173, 0.35571906586098884]",0.6885429519708097
ECFP6 | Ridge,0.703192135778754,0.4404965955165725,0.33633095303004756,"[0.559604428855104, 0.7978212696797523]","[0.3911072509321261, 0.4910841003382181]","[0.29804638348911194, 0.37897237696292396]",0.6852982925197167
MACCS | SVR,0.6593328708411923,0.4719217239275563,0.3287148146670489,"[0.4637830215786687, 0.7815718472468696]","[0.4045048317348231, 0.5383136495143851]","[0.2832475659001779, 0.3783121265209928]",0.6842595052252958
ChemBERTa-ZINC (fine-tuned) | fold ensemble (single seed),0.7250202545395212,0.4239896030767495,0.2999975981233614,"[0.5704206752948048, 0.821240633413799]","[0.3639968599133517, 0.48028236894389253]","[0.2596350796285183, 0.34267468707006776]",0.6840266991461978
ECFP4 | Ridge,0.7140484892970195,0.43236551911970084,0.3258954895023914,"[0.5756321399607514, 0.8042975964525578]","[0.3795675716158933, 0.48714427860250453]","[0.2877445898473746, 0.3657719847148441]",0.6828516324108622
ECFP4-count | Ridge,0.6980731785061267,0.44427891421856075,0.32498998304803034,"[0.5444148566718934, 0.7912439955181516]","[0.3896102863983002, 0.5016637037575098]","[0.28379693760480434, 0.36915154362838765]",0.680478467092474
ChemBERTa-MTR (fine-tuned) | fold ensemble,0.6386470520150678,0.48603848150580614,0.36153037709067365,"[0.46451903138870826, 0.7486175456868047]","[0.42951369169177567, 0.5474929597108088]","[0.3193064414007184, 0.4108166231651369]",0.6573660759416604
ChemBERTa-ZINC | CatBoost,0.6999220476041006,0.44291653953534005,0.3216392303110334,"[0.5522152479179888, 0.7981796342449649]","[0.3853492564967822, 0.5019178156901571]","[0.2814428372874612, 0.36491132576367663]",0.6503768058365997
ChemBERTa-ZINC | ExtraTrees,0.6965822351827085,0.4453745090856993,0.31842991033551593,"[0.5509994997294763, 0.7921276602394358]","[0.3847132237709366, 0.5010016802579923]","[0.274914395312567, 0.3606666646994729]",0.6490305287283824
MoLFormer-XL+Mordred | Ridge,0.5812535637186844,0.5232152771745916,0.3911224199880035,"[0.3704513720016567, 0.7061132644569834]","[0.45876716560181907, 0.5844514799979144]","[0.34179191463503833, 0.44048793140456965]",0.6420968900827124
MoLFormer-XL | Ridge,0.5438348914800875,0.5460920901917746,0.41214654883343244,"[0.324825512396609, 0.680369008239309]","[0.4811085637589144, 0.611864440007763]","[0.3650203512561209, 0.4643669658806931]",0.6274023817619491
ChemBERTa-ZINC+Mordred | Ridge,0.5908255649351744,0.5172006952764321,0.378147109527766,"[0.3763247455421327, 0.7270407251337941]","[0.4520038269279613, 0.5885125368198328]","[0.3302170893048054, 0.43270283799354814]",0.6199269925461646
ChemBERTa-ZINC | Ridge,0.5135855278135678,0.5639077953918493,0.41755040195609344,"[0.2600523053615758, 0.6619431597901693]","[0.49386918553627385, 0.6350330514407899]","[0.36556349476210576, 0.47414729097096875]",0.5499702873960752
ChemBERTa-MLM | Ridge,0.46581544717371304,0.5909497005564186,0.45742499434055633,"[0.2404528294618988, 0.6161018865941522]","[0.5273126927016747, 0.6585499926737987]","[0.4057359687026113, 0.5101283415209433]",0.5355282966341794
Mordred | Ridge,0.4996427405873559,0.5719327381934471,0.4208482702045957,"[0.24698797068751277, 0.6573516343140263]","[0.5001730708805595, 0.6476101762398695]","[0.37042082580169206, 0.47610292816496824]",0.5323582973045486
ChemBERTa-MTR | Ridge,0.40416460945826693,0.6241198592903908,0.46396093516824816,"[0.1086744045432255, 0.5882103433458149]","[0.539166919036469, 0.7068140990967134]","[0.4060865769374549, 0.5253109233978434]",0.5120923238138453
ChemBERTa-MTR-199 | Ridge,0.4215543032398673,0.614944825678506,0.468760119287808,"[0.1835810923267951, 0.5781969570012415]","[0.5475762413507342, 0.678444489450007]","[0.4128556753713132, 0.5243992726080638]",0.44177946344212016
RDKit-desc | Ridge,0.4817133666276333,0.5820896249259891,0.4428385014221327,"[0.23486448762188245, 0.6324362072138567]","[0.5164100822299118, 0.6461092896473207]","[0.3923726545465152, 0.4972995235926104]",0.43973486752967894
MACCS | Ridge,0.2751311097519238,0.6883900507911552,0.5134703423146625,"[-0.03224131776912008, 0.47052877808994076]","[0.6035425970771258, 0.7712412051381394]","[0.45031492898848113, 0.5779750342259925]",0.4026832599442738
