partition,design,fold,n_train,n_test,nn_tanimoto_mean,nn_tanimoto_median,nn_tanimoto_p10,pct_nn_ge_0.4,pct_nn_ge_0.7,pct_scaffold_seen,n_test_scaffolds,test_mean_pIC50,test_sd_pIC50,train_mean_pIC50,train_sd_pIC50,n_test_groups,largest_test_group
stratified_f00,stratified,0,1719,192,0.7433760614119594,0.7730010036801606,0.5482692307692308,94.79166666666666,75.0,79.6875,135,4.234447979380254,0.997930320072961,4.143118159580198,0.8913346427378208,,
stratified_f01,stratified,1,1720,191,0.7474520802353997,0.7758620689655172,0.5714285714285714,96.8586387434555,75.91623036649214,79.58115183246073,136,4.165153136641198,0.8699492409238269,4.150866208872618,0.9065509551782568,,
stratified_f02,stratified,2,1720,191,0.7580693132866859,0.78,0.6153846153846154,97.38219895287958,74.3455497382199,84.29319371727748,128,4.267106281563239,0.8681228659386099,4.13954466777953,0.90585794543506,,
stratified_f03,stratified,3,1720,191,0.7296142530180296,0.7619047619047619,0.5344827586206896,96.33507853403141,67.5392670157068,72.25130890052355,141,4.111052270214197,0.8543235449958014,4.156873921365382,0.9080875846631462,,
stratified_f04,stratified,4,1720,191,0.7631060096278103,0.78,0.625,98.95287958115183,75.39267015706807,81.67539267015707,124,4.109149281236286,0.8990434688764097,4.1570852416530455,0.9032920789803807,,
stratified_f05,stratified,5,1720,191,0.731788392126521,0.7611940298507462,0.5344827586206896,96.8586387434555,63.87434554973822,70.68062827225131,139,4.1327033056152995,0.8822182784458475,4.1544696494109585,0.9052245974259655,,
stratified_f06,stratified,6,1720,191,0.7576579322097553,0.7894736842105263,0.5441176470588235,96.8586387434555,74.3455497382199,80.10471204188482,133,4.075515373384416,0.9135396043357628,4.1608201697924105,0.9014069207041664,,
stratified_f07,stratified,7,1720,191,0.7649248386140431,0.7878787878787878,0.6197183098591549,97.38219895287958,75.39267015706807,81.15183246073299,129,4.135268647471932,0.9225932223041285,4.154184777146646,0.9007713275880089,,
stratified_f08,stratified,8,1720,191,0.7340329065541172,0.7666666666666667,0.5588235294117647,98.42931937172776,69.63350785340315,80.10471204188482,134,4.087016395413608,0.9886286717759988,4.159543021415913,0.8927199960841747,,
stratified_f09,stratified,9,1720,191,0.7524887622064091,0.7692307692307693,0.6111111111111112,97.90575916230367,72.77486910994764,79.58115183246073,131,4.205098744681611,0.8147371413055733,4.146430388444873,0.912026166065039,,
scaffold_f00,scaffold,0,1720,191,0.6434663271669466,0.6363636363636364,0.5,96.8586387434555,26.701570680628272,0.0,65,4.207585329563343,0.89643103052881,4.14615426186789,0.903497329701579,65.0,28.0
scaffold_f01,scaffold,1,1720,191,0.6135058294610098,0.6129032258064516,0.4339622641509434,96.33507853403141,24.60732984293194,0.0,60,4.232534634500034,0.681702310451038,4.14338372858713,0.9237668217364863,60.0,79.0
scaffold_f02,scaffold,2,1720,191,0.5935979351404368,0.6101694915254238,0.36585365853658536,87.95811518324608,21.98952879581152,0.0,63,4.3837006781219285,0.7143158457925032,4.126597266766327,0.9178763931519953,63.0,49.0
scaffold_f03,scaffold,3,1720,191,0.608477810484541,0.6041666666666666,0.4067796610169492,90.57591623036649,33.50785340314136,0.0,65,4.036515318432795,1.137261334610851,4.165150989848084,0.8722932512571657,65.0,31.0
scaffold_f04,scaffold,4,1720,191,0.5906678482594351,0.5967741935483871,0.3,75.91623036649214,35.07853403141361,0.0,65,4.087739406860103,1.0477971079649944,4.159462733516913,0.8852359344694094,65.0,22.0
scaffold_f05,scaffold,5,1720,191,0.6217169111883475,0.6363636363636364,0.3783783783783784,85.86387434554975,37.17277486910995,0.0,65,4.192440206600638,0.9162987266905667,4.1478360749410745,0.9013906869121602,65.0,23.0
scaffold_f06,scaffold,6,1720,191,0.628185409897829,0.6551724137931034,0.4166666666666667,92.14659685863874,31.413612565445025,0.0,65,4.181747632701041,0.9445281890663677,4.149023447972948,0.8982154069986578,65.0,21.0
scaffold_f07,scaffold,7,1720,191,0.5499938558684982,0.5555555555555556,0.34,70.68062827225131,21.465968586387437,0.0,55,3.934813882305496,1.1115994677032308,4.17644457955757,0.8735502812238753,55.0,110.0
scaffold_f08,scaffold,8,1719,192,0.5501524304772083,0.579337899543379,0.2740263228579103,73.95833333333334,22.395833333333336,0.0,66,4.092251664699048,0.6443428718481866,4.1590004704695485,0.9270525498783068,66.0,24.0
scaffold_f09,scaffold,9,1720,191,0.5966404159691344,0.5952380952380952,0.39344262295081966,89.52879581151832,21.465968586387437,0.0,65,4.173927145140551,0.7090096893540037,4.14989188583577,0.9218918927225312,65.0,19.0
cluster_f00,cluster,0,1720,191,0.5546149629388991,0.5569620253164557,0.36923076923076925,84.81675392670157,16.75392670157068,41.8848167539267,93,4.383420156971217,0.7373830168638356,4.126628417661551,0.9158667147596278,57.0,27.0
cluster_f01,cluster,1,1720,191,0.5236855714303983,0.546875,0.3333333333333333,77.4869109947644,11.518324607329843,46.596858638743456,101,4.086688013206716,0.6756581268094032,4.15957948711447,0.9244000356899745,57.0,29.0
cluster_f02,cluster,2,1720,191,0.5648976562849317,0.5694444444444444,0.3333333333333333,83.7696335078534,20.418848167539267,47.12041884816754,95,4.321094543437966,0.885590006360859,4.133549459629487,0.9029410908957576,57.0,22.0
cluster_f03,cluster,3,1720,191,0.5579243364096053,0.5466666666666666,0.4142857142857143,94.24083769633508,13.612565445026178,46.07329842931937,80,4.081878932039514,0.7722406487101631,4.1601135188022225,0.9159574527200508,56.0,22.0
cluster_f04,cluster,4,1720,191,0.5884843355191013,0.5789473684210527,0.41818181818181815,92.14659685863874,26.701570680628272,66.49214659685863,75,4.063142922358971,0.7535928876355286,4.162194087319073,0.9174714817144463,56.0,21.0
cluster_f05,cluster,5,1720,191,0.5036320914393219,0.484375,0.29850746268656714,68.06282722513089,18.32460732984293,51.30890052356021,68,4.272421960625643,0.7948001263813583,4.1389543801627156,0.9131819643721067,57.0,22.0
cluster_f06,cluster,6,1720,191,0.46389760891731147,0.4482758620689655,0.2875,60.20942408376963,9.947643979057592,28.79581151832461,86,4.0853239440507645,0.5954294191575232,4.159730962235856,0.9304647408049047,57.0,28.0
cluster_f07,cluster,7,1719,192,0.6078271503498339,0.5845238095238096,0.46849881796690307,97.91666666666666,22.395833333333336,57.8125,79,4.033336860807196,1.5728865335234092,4.165580832509824,0.7932390233862648,58.0,24.0
cluster_f08,cluster,8,1720,191,0.597188186261113,0.5833333333333334,0.4307692307692308,94.76439790575915,26.701570680628272,58.1151832460733,79,4.151259958964289,0.680668842729252,4.152408997789064,0.9242810531388559,57.0,20.0
cluster_f09,cluster,9,1720,191,0.6016691010855009,0.5753424657534246,0.45614035087719296,95.28795811518324,27.748691099476442,49.21465968586388,85,4.044997060933341,1.078230582049345,4.164209121930873,0.8806726758660688,57.0,22.0
source_f00,source,0,1720,191,0.4054623760793759,0.35,0.22077922077922077,43.455497382198956,6.806282722513089,27.225130890052355,80,4.232301894891822,0.8591380464191692,4.143409573508739,0.9072656708674032,24.0,33.0
source_f01,source,1,1720,191,0.4260196070278533,0.39759036144578314,0.2916666666666667,49.73821989528796,3.1413612565445024,40.83769633507853,54,3.9288307777536535,0.8980088834964266,4.177108982446757,0.9001151651386563,21.0,66.0
source_f02,source,2,1719,192,0.4187981140073742,0.4087708066581306,0.3067155425219941,54.166666666666664,2.083333333333333,11.979166666666668,76,3.822097609058066,1.5855252190559872,4.189174745445155,0.7829447093331356,24.0,26.0
source_f03,source,3,1720,191,0.5067911973954076,0.5178571428571429,0.2692307692307692,69.10994764397905,13.612565445026178,49.21465968586388,71,4.162674845421573,0.7507508558099797,4.151141414467354,0.9182561428382343,24.0,25.0
source_f04,source,4,1720,191,0.4255749694838705,0.3780487804878049,0.2786885245901639,41.8848167539267,7.329842931937172,30.36649214659686,73,3.9567968337153423,0.9559704831567424,4.17400344948822,0.8943021223949872,23.0,25.0
source_f05,source,5,1720,191,0.5162238689429438,0.5121951219512195,0.29333333333333333,73.82198952879581,11.518324607329843,30.89005235602094,68,4.554335956815177,0.5938337023570939,4.107648814306786,0.92009453897763,24.0,31.0
source_f06,source,6,1720,191,0.45813913837461484,0.410958904109589,0.26785714285714285,54.45026178010471,6.282722513089005,36.12565445026178,72,4.263724104254299,0.6888413430252042,4.139920246771395,0.9227814953549324,23.0,24.0
source_f07,source,7,1720,191,0.4381049997600398,0.4,0.2631578947368421,50.78534031413613,6.282722513089005,23.036649214659686,77,4.093505197791918,0.6541427161544761,4.158822462547159,0.9261654785334359,23.0,28.0
source_f08,source,8,1720,191,0.4238123652939604,0.391304347826087,0.2804878048780488,46.596858638743456,6.806282722513089,27.748691099476442,77,4.147669388722939,0.6825202423386073,4.152807718089122,0.9241287799507674,23.0,24.0
source_f09,source,9,1720,191,0.37329698977466114,0.32051282051282054,0.2413793103448276,29.84293193717277,3.664921465968586,9.947643979057592,73,4.362733709639668,0.7029011917930317,4.1289255754756935,0.9194720061248008,24.0,23.0
