n_train,n_test,nn_tanimoto_mean,nn_tanimoto_median,nn_tanimoto_p10,pct_nn_ge_0.4,pct_nn_ge_0.7,pct_scaffold_seen,n_test_scaffolds,test_mean_pIC50,test_sd_pIC50,train_mean_pIC50,train_sd_pIC50,partition,design,seed,replicated,n_test_groups,largest_test_group,pct_shared_with_primary
1720,191,0.6600122377217781,0.6875,0.38461538461538464,87.95811518324608,48.167539267015705,0.0,191,4.254212130341897,0.8099624555754164,4.140976518293063,0.9119819428986683,scaffold_s01,scaffold,1,True,191,1,54.45026178010471
1720,191,0.6656976218424385,0.68,0.45,93.19371727748691,43.455497382198956,0.0,191,4.2943298706506114,0.757197675848866,4.136521583177386,0.9163201667225136,scaffold_s02,scaffold,2,True,191,1,57.068062827225134
1720,191,0.6311458306148573,0.65,0.3611111111111111,84.29319371727748,40.31413612565445,0.0,191,4.2791375772402285,0.8301260358198322,4.138208634364236,0.9095888874890194,scaffold_s03,scaffold,3,True,191,1,52.87958115183246
1720,191,0.6456592881158919,0.65625,0.3783783783783784,89.00523560209425,40.83769633507853,0.0,191,4.289750952996695,0.7456270720794077,4.137030056009884,0.9174544051040087,scaffold_s04,scaffold,4,True,191,1,52.87958115183246
1720,191,0.6260276328134116,0.6415094339622641,0.3829787234042553,87.43455497382199,38.21989528795812,0.0,191,4.220467997126886,0.7462724374056733,4.144723686574497,0.9183544604118048,scaffold_s05,scaffold,5,True,191,1,50.78534031413613
1720,191,0.5354562412231337,0.5344827586206896,0.3488372093023256,80.6282722513089,16.230366492146597,54.45026178010471,141,4.057287765280972,1.094590864755833,4.162844282087619,0.8786138049470952,cluster_s01,cluster,1,True,191,1,68.06282722513089
1720,191,0.5188018934074873,0.515625,0.32,75.91623036649214,16.230366492146597,52.879581151832454,142,4.024331397435026,1.0407073695316333,4.166503971772837,0.885309151962598,cluster_s02,cluster,2,True,191,1,68.06282722513089
1720,191,0.5160459717247804,0.5166666666666667,0.3,75.39267015706807,16.75392670157068,51.832460732984295,136,3.962780961604825,1.0626319494385972,4.1733389329609585,0.881057857859006,cluster_s03,cluster,3,True,191,1,66.49214659685863
1720,191,0.5098857783243956,0.525,0.29411764705882354,74.3455497382199,13.612565445026178,46.596858638743456,143,4.1506663558323345,0.9595443918019324,4.1524749153461595,0.8965140458438383,cluster_s04,cluster,4,True,191,1,64.92146596858639
1720,191,0.528216987179056,0.5333333333333333,0.32608695652173914,74.86910994764398,17.277486910994764,52.879581151832454,148,4.098809960690669,0.9729586400721796,4.15823338713224,0.894717477876188,cluster_s05,cluster,5,True,191,1,67.01570680628272
1723,188,0.4888015749371009,0.47258225324027914,0.26917057902973396,66.48936170212765,12.23404255319149,34.04255319148936,123,4.347667912419174,0.743796204811825,4.130976529787908,0.9160934901532924,source_s01,source,1,False,87,4,82.97872340425532
1723,188,0.4871332170931956,0.4779364049318624,0.2666627866371784,64.36170212765957,12.23404255319149,29.25531914893617,123,4.381387655525103,0.7506004582842625,4.127297300708445,0.914543571922353,source_s02,source,2,False,87,4,93.61702127659575
1723,188,0.4846428157531294,0.47058823529411764,0.284,63.829787234042556,11.702127659574469,28.191489361702125,129,4.361142786816682,0.7432427897139433,4.129506259104953,0.9157822363879934,source_s03,source,3,False,87,4,85.1063829787234
1723,188,0.4862435689429051,0.47058823529411764,0.26917057902973396,66.48936170212765,11.702127659574469,29.78723404255319,126,4.374686239963048,0.7495619382127111,4.128028505656597,0.914836319768258,source_s04,source,4,False,87,4,87.23404255319149
1723,188,0.47978713761856606,0.4682197683813628,0.2643692499610167,61.702127659574465,12.76595744680851,30.851063829787233,128,4.3841422909440695,0.7428937402041261,4.1269967368902405,0.9151426744223811,source_s05,source,5,False,87,4,89.36170212765957
