partition,family,family_key,n_candidates,selected,selected_by_inner_cv,same_under_both_training_criteria,q2_cv,inner_cv_r2,test_r2,test_r2_ci95,test_rmse,test_mae,spearman,previous_test_selected,previous_test_selected_r2,selection_changed,optimism_of_test_selection,rank
stratified,ECFP4,Fp,10,ECFP4 | ExtraTrees,ECFP4 | ExtraTrees,True,0.7315195889115869,0.7162656799117312,0.7983205394950098,"[0.6893174001118004, 0.8669339102971821]",0.3631078932841713,0.2517354552907185,0.8221427139395207,ECFP4 | ExtraTrees,0.7983205394950098,False,0.0,2
stratified,Mordred / RDKit,Desc,8,RDKit-desc | ExtraTrees,RDKit-desc | ExtraTrees,True,0.7768273138017393,0.7688118894838856,0.7760926983357355,"[0.6480850125530814, 0.8562143246365181]",0.3825947289606013,0.2622711371686207,0.7820961468731279,RDKit-desc | ExtraTrees,0.7760926983357355,False,0.0,4
stratified,Frozen CLM,Frozen,14,MoLFormer-XL | SVR,MoLFormer-XL | SVR,True,0.7759539699101531,0.7699692738102449,0.7253981460965595,"[0.5455894949072742, 0.8303533625182823]",0.42369816856534875,0.2933481224974736,0.7420389077129025,ChemBERTa-MTR-199 | SVR,0.7438879272887489,True,0.01848978119218936,7
stratified,Fine-tuned CLM,Ft,3,ChemBERTa-ZINC (fine-tuned) | fold ensemble (3-seed mean),ChemBERTa-ZINC (fine-tuned) | fold ensemble (3-seed mean),True,0.709499904487241,0.6738098978996275,0.7379846916309796,"[0.582475967932907, 0.8261582643541225]",0.4138740408245893,0.2929445784224331,0.770829730458174,ChemBERTa-ZINC (fine-tuned) | fold ensemble (3-seed mean),0.7379846916309796,False,0.0,5
stratified,"Hybrid, ECFP4 + Mordred",Hyb,4,ECFP4+Mordred | ExtraTrees,ECFP4+Mordred | ExtraTrees,True,0.7706454641049386,0.7508984169742814,0.8136725252230776,"[0.7121282851538165, 0.8762892160710741]",0.3490143658350286,0.25023988708636385,0.843160293389452,ECFP4+Mordred | ExtraTrees,0.8136725252230776,False,0.0,1
stratified,Hybrid with a CLM,HybClm,10,MoLFormer-XL+Mordred | SVR,MoLFormer-XL+Mordred | SVR,True,0.7662895261216156,0.7593340112205125,0.7298079095822207,"[0.5833985498600761, 0.8163131289870638]",0.42028236746072173,0.30778482856318296,0.7288405001008323,ECFP4+ChemBERTa-ZINC | ExtraTrees,0.7673866952800557,True,0.037578785697834904,6
stratified,Graph network,Gnn,1,"Molecular graph | AttentiveFP, fold ensemble","Molecular graph | AttentiveFP, fold ensemble",True,0.7450756575899105,0.7401111364364624,0.7786347829042459,"[0.6578345234351682, 0.8530519725178354]",0.3804166748044901,0.2729740932018721,0.8037948071106866,"Molecular graph | AttentiveFP, fold ensemble",0.7786347829042459,False,0.0,3
scaffold,ECFP4,Fp,3,ECFP4 | ExtraTrees,ECFP4 | ExtraTrees,True,0.7536461191822222,0.7607855421022078,0.5552867663299214,"[0.29241802732215216, 0.7186218696326037]",0.4692205869457727,0.31751283885389986,0.6477928550887035,ECFP4 | ExtraTrees,0.5552867663299214,False,0.0,3
scaffold,Mordred / RDKit,Desc,6,RDKit-desc | ExtraTrees,RDKit-desc | ExtraTrees,True,0.8047607670300121,0.7799074987174714,0.4993457238186233,"[0.2766668570289441, 0.6498164584402287]",0.49785858077098527,0.3427881880097966,0.6040542454817488,Mordred | ExtraTrees,0.6056951164235718,True,0.10634939260494847,7
scaffold,Frozen CLM,Frozen,6,MoLFormer-XL | SVR,MoLFormer-XL | SVR,True,0.7787152186092664,0.7624576267285568,0.5940543312711438,"[0.3521379094479134, 0.735584518517625]",0.4483023214747722,0.3158464061960966,0.6536117797987365,MoLFormer-XL | SVR,0.5940543312711438,False,0.0,1
scaffold,Fine-tuned CLM,Ft,1,ChemBERTa-ZINC (fine-tuned) | fold ensemble,ChemBERTa-ZINC (fine-tuned) | fold ensemble,True,0.6740099484297046,0.674843966960907,0.5282205334065069,"[0.2667702779348866, 0.6871306534506169]",0.48328859817127817,0.3539743021114178,0.577759043606796,ChemBERTa-ZINC (fine-tuned) | fold ensemble,0.5282205334065069,False,0.0,5
scaffold,"Hybrid, ECFP4 + Mordred",Hyb,4,ECFP4+Mordred | ExtraTrees,ECFP4+Mordred | ExtraTrees,True,0.7811648353537627,0.7741999242123045,0.5774583963833526,"[0.33766072167374417, 0.730940204794268]",0.45737431272012863,0.31500916665485545,0.641761888752063,ECFP4+Mordred | ExtraTrees,0.5774583963833526,False,0.0,2
scaffold,Hybrid with a CLM,HybClm,3,ECFP4+ChemBERTa-ZINC | ExtraTrees,ECFP4+ChemBERTa-ZINC | ExtraTrees,True,0.7439425233689696,0.7422951109991968,0.5531054011327572,"[0.3018030281592359, 0.7091823247942174]",0.4703699673835772,0.32949730102196023,0.6192909268406502,ECFP4+ChemBERTa-ZINC | ExtraTrees,0.5531054011327572,False,0.0,4
scaffold,Graph network,Gnn,1,"Molecular graph | AttentiveFP, fold ensemble","Molecular graph | AttentiveFP, fold ensemble",True,0.7953962148517855,0.7950753450393677,0.5111326669194014,"[0.2244718069767081, 0.6883695797618744]",0.49196311282005206,0.34623576287200686,0.6234389484358706,"Molecular graph | AttentiveFP, fold ensemble",0.5111326669194014,False,0.0,6
cluster,ECFP4,Fp,3,ECFP4 | ExtraTrees,ECFP4 | ExtraTrees,True,0.8025356712663958,0.777235703918223,0.34446265525346553,"[0.16543949885156609, 0.5214475081754343]",0.810166293948505,0.5119668998447463,0.56021652045152,ECFP4 | ExtraTrees,0.3444626552534655,False,-5.551115123125783e-17,5
cluster,Mordred / RDKit,Desc,6,RDKit-desc | ExtraTrees,RDKit-desc | ExtraTrees,True,0.8207491622228296,0.8071224943712323,0.44354943798552937,"[0.25372365739656194, 0.5874910674364597]",0.7464294135587505,0.5164280870999424,0.5410066168625951,RDKit-desc | SVR,0.4674500989288589,True,0.023900660943329544,3
cluster,Frozen CLM,Frozen,6,MoLFormer-XL | SVR,MoLFormer-XL | SVR,True,0.8091301617200191,0.7963200339220545,0.5056354498003521,"[0.3481784395358016, 0.6194139591640881]",0.7035567150629771,0.49408104908827677,0.5563948622066012,MoLFormer-XL | SVR,0.5056354498003521,False,0.0,1
cluster,Fine-tuned CLM,Ft,1,ChemBERTa-ZINC (fine-tuned) | fold ensemble,ChemBERTa-ZINC (fine-tuned) | fold ensemble,True,0.736217345415859,0.7263511180877685,0.3192132356955647,"[0.12429402674501842, 0.4752725147834327]",0.8256215190450462,0.5515355830581207,0.5351397945050845,ChemBERTa-ZINC (fine-tuned) | fold ensemble,0.3192132356955647,False,0.0,7
cluster,"Hybrid, ECFP4 + Mordred",Hyb,4,ECFP4+Mordred | ExtraTrees,ECFP4+Mordred | ExtraTrees,True,0.8242405210762505,0.8086365742035471,0.38542397367281744,"[0.21348784955774197, 0.546225889553367]",0.7844463734905749,0.5076280475208337,0.5692798266767949,ECFP4+Mordred | Ridge,0.4029721012350983,True,0.017548127562280857,4
cluster,Hybrid with a CLM,HybClm,3,ECFP4+ChemBERTa-ZINC | ExtraTrees,ECFP4+ChemBERTa-ZINC | ExtraTrees,True,0.7960904986807004,0.7764734525612191,0.337575962951831,"[0.16387319398541764, 0.5075955767449382]",0.8144107424934637,0.5241547480656322,0.5465341572578484,ECFP4+ChemBERTa-ZINC | Ridge,0.3579345180416214,True,0.020358555089790398,6
cluster,Graph network,Gnn,1,"Molecular graph | AttentiveFP, fold ensemble","Molecular graph | AttentiveFP, fold ensemble",True,0.8176538360716931,0.812975800037384,0.4982832028858062,"[0.2764707193842643, 0.65553533055301]",0.7087690953293824,0.48709315503152834,0.5518584729244398,"Molecular graph | AttentiveFP, fold ensemble",0.4982832028858062,False,0.0,2
dissimilarity,ECFP4,Fp,3,ECFP4 | ExtraTrees,ECFP4 | ExtraTrees,True,0.8138554974818883,0.8012636708020826,0.20921920482715228,"[0.061559061306534504, 0.33137767588879286]",0.8809965479211311,0.5958378363625556,0.5118860632644835,ECFP4 | ExtraTrees,0.2092192048271522,False,-8.326672684688674e-17,4
dissimilarity,Mordred / RDKit,Desc,6,RDKit-desc | ExtraTrees,RDKit-desc | ExtraTrees,True,0.8318484775860432,0.8096701837398758,0.21362768137882981,"[-0.03216427998539551, 0.3882719317106624]",0.8785374083259614,0.6296358150678883,0.47056427585108246,RDKit-desc | ExtraTrees,0.2136276813788298,False,-2.7755575615628914e-17,3
dissimilarity,Frozen CLM,Frozen,6,MoLFormer-XL | SVR,MoLFormer-XL | SVR,True,0.8272582239604995,0.8047085100602074,0.30063457710331,"[0.07341126570782576, 0.46084281500918095]",0.8285109034956689,0.5935231343457812,0.4643314767576344,MoLFormer-XL | SVR,0.30063457710331,False,0.0,1
dissimilarity,Fine-tuned CLM,Ft,1,ChemBERTa-ZINC (fine-tuned) | fold ensemble,ChemBERTa-ZINC (fine-tuned) | fold ensemble,True,0.7360698776919365,0.732794439792633,0.13891916261342108,"[-0.09817834699342975, 0.2899207065283838]",0.9193229715313234,0.6359347876987177,0.45130614944518704,ChemBERTa-ZINC (fine-tuned) | fold ensemble,0.138919162613421,False,-8.326672684688674e-17,7
dissimilarity,"Hybrid, ECFP4 + Mordred",Hyb,4,ECFP4+Mordred | ExtraTrees,ECFP4+Mordred | ExtraTrees,True,0.8291322726931314,0.8117705282013079,0.2512076745613423,"[0.07887034525778416, 0.3882364992116413]",0.8572881925040272,0.5952858767701457,0.5328027101254744,ECFP4+Mordred | CatBoost,0.2789833010717711,True,0.027775626510428808,2
dissimilarity,Hybrid with a CLM,HybClm,3,ECFP4+ChemBERTa-ZINC | ExtraTrees,ECFP4+ChemBERTa-ZINC | ExtraTrees,True,0.8087282732150493,0.7890929665915869,0.2046801441891315,"[0.04870371294751726, 0.32902868993797924]",0.8835213783149655,0.6031605546893732,0.5009653174641093,ECFP4+ChemBERTa-ZINC | ExtraTrees,0.2046801441891315,False,0.0,5
dissimilarity,Graph network,Gnn,1,"Molecular graph | AttentiveFP, fold ensemble","Molecular graph | AttentiveFP, fold ensemble",True,0.8074940358952499,0.8035862565040588,0.18119446614160384,"[-0.11953251239630566, 0.38341160248188566]",0.8964715973640354,0.6418411452274092,0.43877080039802996,"Molecular graph | AttentiveFP, fold ensemble",0.1811944661416038,False,-2.7755575615628914e-17,6
source,ECFP4,Fp,3,ECFP4 | ExtraTrees,ECFP4 | ExtraTrees,True,0.800297395577521,0.7965380014864757,-0.4708570688314033,"[-0.9530066605395676, -0.18627143574841495]",0.8633481185645944,0.6536294935626329,0.23404711626607905,ECFP4 | SVR,-0.2719808979804092,True,0.19887617085099413,7
source,Mordred / RDKit,Desc,6,RDKit-desc | ExtraTrees,RDKit-desc | ExtraTrees,True,0.8195073112002675,0.8126723608407289,-0.07993476164535762,"[-0.2974050596192096, 0.06877353342842155]",0.7397746944564983,0.5563160943415398,0.33763179959181117,Mordred | ExtraTrees,-0.0325980503724083,True,0.04733671127294932,1
source,Frozen CLM,Frozen,6,MoLFormer-XL | SVR,MoLFormer-XL | SVR,True,0.8187887350953542,0.8057494202243168,-0.3913142279318962,"[-0.6783810564297668, -0.17043290649392057]",0.8396790624006618,0.6152452216129323,0.20847553820480577,ChemBERTa-ZINC | ExtraTrees,-0.0498646214944373,True,0.34144960643745886,5
source,Fine-tuned CLM,Ft,1,ChemBERTa-ZINC (fine-tuned) | fold ensemble,ChemBERTa-ZINC (fine-tuned) | fold ensemble,True,0.7286301571071059,0.7286133885383606,-0.35807503387236905,"[-0.8214683312347941, -0.06807378773801427]",0.829588252676565,0.59773882666723,0.3073729208831775,ChemBERTa-ZINC (fine-tuned) | fold ensemble,-0.358075033872369,False,5.551115123125783e-17,4
source,"Hybrid, ECFP4 + Mordred",Hyb,4,ECFP4+Mordred | ExtraTrees,ECFP4+Mordred | ExtraTrees,True,0.8167539508678948,0.8078163597212338,-0.18343959320113346,"[-0.4754874116336342, -0.006488988913346271]",0.7744150034804334,0.6014129010721235,0.30127129912680645,ECFP4+Mordred | CatBoost,-0.0923775181104646,True,0.09106207509066885,2
source,Hybrid with a CLM,HybClm,3,ECFP4+ChemBERTa-ZINC | ExtraTrees,ECFP4+ChemBERTa-ZINC | ExtraTrees,True,0.7863355378292863,0.7788318224965037,-0.28755522437955494,"[-0.6594202031935066, -0.06421199522970679]",0.8077624185639518,0.6199977832036995,0.2816661030408849,ECFP4+ChemBERTa-ZINC | SVR,-0.2618689814007278,True,0.025686242978827156,3
source,Graph network,Gnn,1,"Molecular graph | AttentiveFP, fold ensemble","Molecular graph | AttentiveFP, fold ensemble",True,0.7987125027121988,0.7981921911239624,-0.4550166478724418,"[-1.018805914034961, -0.11097585452684963]",0.8586866127078596,0.6359387246679016,0.25148770554810046,"Molecular graph | AttentiveFP, fold ensemble",-0.4550166478724418,False,0.0,6
