model,protocol,n_pairs,mean_observed_delta,sd_observed_delta,mean_predicted_delta,spearman,spearman_p,pearson,sign_agreement_pct,sign_agreement_binomial_p,mae_of_delta,predicted_delta_one_sample_t_p,spearman_lo,spearman_hi,sign_lo,sign_hi
RDKit-desc | ExtraTrees,molecule_level,194,0.19551408897311395,0.6351643426816205,0.14249539950359227,0.2504592746357756,0.0004278878179615906,0.4758187370468027,59.27835051546392,0.0037093280633834535,0.3983532068762668,3.571545352627924e-07,0.07685680005644793,0.4028611835914798,50.56741813294233,68.15976933514247
RDKit-desc | ExtraTrees,component_aware,194,0.19551408897311395,0.6351643426816205,0.13702010931663863,0.3056240033298953,1.4676913295699324e-05,0.4486178864319704,61.34020618556701,0.0005544671257743476,0.4094075923855555,7.251162782108203e-07,0.08727849828055192,0.4816087784725575,51.847421584263685,69.94227549827853
RDKit-desc | ExtraTrees,scaffold_aware,98,0.23326752389590236,0.4216565390960316,0.24299690400880467,0.32660074339013956,0.001030028638374513,0.36365016033320735,74.48979591836735,3.202366199335256e-07,0.32923512253728315,1.688733234944864e-10,0.13230970514051288,0.5003977539429305,65.852053915276,84.27135508325435
RDKit-desc | ExtraTrees,component_aware_same_pairs,98,0.23326752389590236,0.4216565390960316,0.14531796948795384,0.34273090679570795,0.0005511472804896923,0.39128692430950707,68.36734693877551,0.00010945488150518316,0.3192067498508573,2.4701249731119965e-05,0.19445055709880651,0.4714483509483344,57.89268092105264,80.0
RDKit-desc | ExtraTrees,component_aware_phenolic_only,179,0.22085069341844388,0.6461232128773904,0.15141233446060218,0.29694008376758174,5.428314870291866e-05,0.4505619939715749,62.56983240223464,0.0002546165756421184,0.42058347960464915,3.5200259399357776e-07,0.08338955691959621,0.4785668579941005,53.259476031215165,72.01848514635212
ECFP4 | ExtraTrees,molecule_level,194,0.19551408897311395,0.6351643426816205,0.11736591130021065,-0.08547623831577698,0.23600858830523105,-0.1674654875731792,48.96907216494845,0.5856682854134962,0.5334720798379283,0.0004095753368484145,-0.29242178939752195,0.14102319367875985,40.200881860281804,56.70776280131222
ECFP4 | ExtraTrees,component_aware,194,0.19551408897311395,0.6351643426816205,0.16682491047380665,0.3112762349464808,9.9705571243532e-06,0.2948171135945935,64.43298969072166,1.713997435053491e-05,0.4281550333236788,6.468497339586094e-08,0.14939651731737877,0.46147420156282776,56.57751716247139,71.72867262088081
ECFP4 | ExtraTrees,scaffold_aware,98,0.23326752389590236,0.4216565390960316,0.15233661276036917,0.1975976894975422,0.051141044416134394,0.3320274020191024,57.14285714285714,0.0774078925172145,0.32951261128558523,1.8557109299911375e-05,-0.014380238996664603,0.4121388947561512,48.7797256097561,64.63414634146342
ECFP4 | ExtraTrees,component_aware_same_pairs,98,0.23326752389590236,0.4216565390960316,0.18778533585893215,0.3993968721509222,4.621348320530318e-05,0.43166217888619063,65.3061224489796,0.001075776543962513,0.3073616737312946,8.639298611290967e-07,0.18866879528535455,0.593307437155852,56.042857142857144,74.39095292115711
ECFP4 | ExtraTrees,component_aware_phenolic_only,179,0.22085069341844388,0.6461232128773904,0.18510055103091916,0.28936470265770003,8.540767145583183e-05,0.293268074530805,67.0391061452514,1.2519486891042733e-06,0.4376194056041647,1.5971888637243354e-08,0.129490008931171,0.4611434926104552,59.09024455077087,74.55621301775149
MoLFormer-XL | SVR,molecule_level,194,0.19551408897311395,0.6351643426816205,0.19344200698966715,-0.022613857171445404,0.7542965430748587,0.14127725900752847,63.4020618556701,5.9489615134543176e-05,0.4774149979742339,1.3933875208692812e-11,-0.21310059128935505,0.14363269567862744,56.28245458573327,70.61962170912498
MoLFormer-XL | SVR,component_aware,194,0.19551408897311395,0.6351643426816205,0.21653846704987786,0.3358311463602024,1.691881930657794e-06,0.3464611053758031,73.71134020618557,3.6312787679414133e-12,0.385996008314318,8.996037064540096e-23,0.18438771204709212,0.48480607609870746,66.11063218390805,80.87431693989072
MoLFormer-XL | SVR,scaffold_aware,98,0.23326752389590236,0.4216565390960316,0.2044212601896567,0.2740788911628381,0.006315531690217542,0.31183563786418,74.48979591836735,3.202366199335256e-07,0.3216555868856092,4.5468212134432154e-09,0.07962347615077846,0.5061728134184881,62.92134831460674,86.90605590062111
MoLFormer-XL | SVR,component_aware_same_pairs,98,0.23326752389590236,0.4216565390960316,0.21685105171065366,0.4462189749376788,4.123568215934885e-06,0.45741260530489103,83.6734693877551,1.1876979673366643e-12,0.2922813886042419,3.225495856070573e-10,0.290958752494716,0.5780555832711376,75.24752475247524,91.66666666666666
MoLFormer-XL | SVR,component_aware_phenolic_only,179,0.22085069341844388,0.6461232128773904,0.23609066595912073,0.3038950808147429,3.540423198470116e-05,0.3250836241346339,76.53631284916202,6.263501621708359e-14,0.39501961790423884,3.008679201092846e-24,0.15494925350564903,0.45473593598967366,69.61205861157819,83.88988095238095
