rule,design,fold,partition,family,selected_model,inner_cv_r2,n_test,test_sd_pIC50,r2,rmse,mae,spearman,rank,n_candidates
nested,stratified,0,stratified_f00,Fp,ECFP4 | ExtraTrees,0.7456483917203646,192,0.997930320072961,0.7132689253170572,0.5329711099950264,0.2862046909603803,0.8254445544633469,5,3
nested,stratified,0,stratified_f00,Desc,RDKit-desc | ExtraTrees,0.7611325437371101,192,0.997930320072961,0.7425444775044647,0.5050302514447019,0.2834570670112159,0.837649021591759,4,5
nested,stratified,0,stratified_f00,Frozen,MoLFormer-XL | SVR,0.7577131808865166,192,0.997930320072961,0.7454220243446795,0.5021999921939269,0.28975460608826564,0.8390876314385773,3,4
nested,stratified,0,stratified_f00,Ft,"ChemBERTa-ZINC (fine-tuned), fold ensemble",0.6705690026283264,192,0.997930320072961,0.7112958938302204,0.5348016858871165,0.3312677573816488,0.8124084973848235,6,1
nested,stratified,0,stratified_f00,Hyb,ECFP4+Mordred | ExtraTrees,0.7712248118012818,192,0.997930320072961,0.7466856895431716,0.5009520403065304,0.2737532322069745,0.8624783933085904,2,3
nested,stratified,0,stratified_f00,HybClm,ECFP4+ChemBERTa-ZINC | ExtraTrees,0.7298273687819652,192,0.997930320072961,0.7094563149810738,0.5365028180325717,0.3012004985727999,0.8337841881847791,7,3
nested,stratified,0,stratified_f00,Gnn,"Molecular graph + AttentiveFP, fold ensemble",0.7642738223075867,192,0.997930320072961,0.7487281570504289,0.4989283704122575,0.29841424745179973,0.8377583796767557,1,1
nested,stratified,1,stratified_f01,Fp,ECFP4 | ExtraTrees,0.7136613794961455,191,0.8699492409238269,0.7338952422910539,0.4475899742849631,0.28155057970098135,0.7769164164783445,3,3
nested,stratified,1,stratified_f01,Desc,RDKit-desc | ExtraTrees,0.7645498249378907,191,0.8699492409238269,0.7584633643137415,0.42642782648028077,0.27276851490220283,0.7977311164662798,2,5
nested,stratified,1,stratified_f01,Frozen,MoLFormer-XL | SVR,0.7656093454095408,191,0.8699492409238269,0.693725439075903,0.4801859993724009,0.30412403430771123,0.770340556426988,7,4
nested,stratified,1,stratified_f01,Ft,"ChemBERTa-ZINC (fine-tuned), fold ensemble",0.6774009704589844,191,0.8699492409238269,0.7294028048009147,0.45135231646280605,0.3104992090068193,0.7759008194480427,4,1
nested,stratified,1,stratified_f01,Hyb,ECFP4+Mordred | ExtraTrees,0.7550309567812208,191,0.8699492409238269,0.7641194456432809,0.4214054036567337,0.2666118513117095,0.8007441814052096,1,3
nested,stratified,1,stratified_f01,HybClm,ECFP4+ChemBERTa-ZINC | SVR,0.7161611920940497,191,0.8699492409238269,0.7263052572921948,0.45392829841564764,0.3105894562782694,0.751903079031324,5,3
nested,stratified,1,stratified_f01,Gnn,"Molecular graph + AttentiveFP, fold ensemble",0.7523577094078064,191,0.8699492409238269,0.6996201622847231,0.47554259078641486,0.31101137401784607,0.7653271057055102,6,1
nested,stratified,2,stratified_f02,Fp,ECFP4 | ExtraTrees,0.7251149260353454,191,0.8681228659386099,0.7370578271503935,0.44398820833786257,0.26381951019357247,0.8550187186114437,6,3
nested,stratified,2,stratified_f02,Desc,RDKit-desc | ExtraTrees,0.775205397618244,191,0.8681228659386099,0.7702370086171897,0.4150317778849557,0.2664461236085036,0.8393299620480537,3,5
nested,stratified,2,stratified_f02,Frozen,MoLFormer-XL | SVR,0.7594897308208604,191,0.8681228659386099,0.8056949328606438,0.3816659140223482,0.26894433748926105,0.8528874450786269,1,4
nested,stratified,2,stratified_f02,Ft,"ChemBERTa-ZINC (fine-tuned), fold ensemble",0.6768751382827759,191,0.8681228659386099,0.7414688387267946,0.4402483741819642,0.29846744831701566,0.8191005164589895,5,1
nested,stratified,2,stratified_f02,Hyb,ECFP4+Mordred | ExtraTrees,0.7642387420628977,191,0.8681228659386099,0.7431856424945694,0.4387841811937988,0.2687954593395268,0.8471463539096208,4,3
nested,stratified,2,stratified_f02,HybClm,ECFP4+ChemBERTa-ZINC | ExtraTrees,0.7238367561478058,191,0.8681228659386099,0.7069057097003557,0.46875400507178794,0.28862650916359806,0.8320681318653286,7,3
nested,stratified,2,stratified_f02,Gnn,"Molecular graph + AttentiveFP, fold ensemble",0.7617905020713807,191,0.8681228659386099,0.7812962044641198,0.40492022771043257,0.2718117991143068,0.8118352417937873,2,1
nested,stratified,3,stratified_f03,Fp,ECFP4 | ExtraTrees,0.7411711720063667,191,0.8543235449958014,0.6099401386910882,0.5321672245736566,0.28788651744596044,0.7538774058602628,5,3
nested,stratified,3,stratified_f03,Desc,RDKit-desc | ExtraTrees,0.7712916952067552,191,0.8543235449958014,0.6231325381973725,0.5230904771838273,0.2915664324401829,0.7622385480843173,4,5
nested,stratified,3,stratified_f03,Frozen,MoLFormer-XL | SVR,0.7585269711897303,191,0.8543235449958014,0.6437901810399957,0.5085520809968566,0.3127562020761031,0.7353948812495866,2,4
nested,stratified,3,stratified_f03,Ft,"ChemBERTa-ZINC (fine-tuned), fold ensemble",0.6842563629150391,191,0.8543235449958014,0.5384887559559934,0.578860127155473,0.3301018154659037,0.6842659325339625,7,1
nested,stratified,3,stratified_f03,Hyb,ECFP4+Mordred | ExtraTrees,0.7715697340614973,191,0.8543235449958014,0.626075560716902,0.5210440225364198,0.28606506978436164,0.7548268956785005,3,3
nested,stratified,3,stratified_f03,HybClm,ECFP4+ChemBERTa-ZINC | ExtraTrees,0.7390422515995029,191,0.8543235449958014,0.5699601004023511,0.5587748727842258,0.3084127703395476,0.7347507641356618,6,3
nested,stratified,3,stratified_f03,Gnn,"Molecular graph + AttentiveFP, fold ensemble",0.765441620349884,191,0.8543235449958014,0.7537679625155875,0.42281926976115014,0.2803803215375616,0.7374012888370797,1,1
nested,stratified,4,stratified_f04,Fp,ECFP4 | ExtraTrees,0.7173677212992626,191,0.8990434688764097,0.7413531354052454,0.4560310527977799,0.2563885307637186,0.842140433791777,6,3
nested,stratified,4,stratified_f04,Desc,RDKit-desc | ExtraTrees,0.7485536693907532,191,0.8990434688764097,0.7913437566090297,0.40959674750699654,0.24221219801417027,0.8562905810477207,2,5
nested,stratified,4,stratified_f04,Frozen,MoLFormer-XL | SVR,0.7374326890576051,191,0.8990434688764097,0.7477638989416489,0.4503440504831324,0.26291773042228544,0.823484835559501,5,4
nested,stratified,4,stratified_f04,Ft,"ChemBERTa-ZINC (fine-tuned), fold ensemble",0.6554402232170105,191,0.8990434688764097,0.7130585473243531,0.48032750196133744,0.30033083592447757,0.7591727951800199,7,1
nested,stratified,4,stratified_f04,Hyb,ECFP4+Mordred | ExtraTrees,0.7468049043089184,191,0.8990434688764097,0.800810678171048,0.40019700467993735,0.22762387662794403,0.8799218091999605,1,3
nested,stratified,4,stratified_f04,HybClm,ECFP4+ChemBERTa-ZINC | ExtraTrees,0.7153741062778376,191,0.8990434688764097,0.7594931118612326,0.4397487026295043,0.2445751295206167,0.8590548198921449,3,3
nested,stratified,4,stratified_f04,Gnn,"Molecular graph + AttentiveFP, fold ensemble",0.744220769405365,191,0.8990434688764097,0.7519034986814375,0.4466333280039659,0.26550153309625546,0.8476430774727337,4,1
nested,scaffold,0,scaffold_f00,Fp,ECFP4 | ExtraTrees,0.7134772341259726,191,0.89643103052881,0.6051032641826823,0.5618479108086771,0.3818898992116247,0.7466631417973446,3,3
nested,scaffold,0,scaffold_f00,Desc,RDKit-desc | ExtraTrees,0.7462903022067245,191,0.89643103052881,0.569945346983324,0.5863255556624881,0.41402402795134535,0.7233597152124799,6,5
nested,scaffold,0,scaffold_f00,Frozen,MoLFormer-XL | SVR,0.718896924407493,191,0.89643103052881,0.712288902669688,0.47957364131746383,0.3572640743324553,0.790652014982699,1,4
nested,scaffold,0,scaffold_f00,Ft,"ChemBERTa-ZINC (fine-tuned), fold ensemble",0.6523033499717712,191,0.89643103052881,0.5965783769495847,0.5678800141839692,0.397125974305714,0.7412219479098202,5,1
nested,scaffold,0,scaffold_f00,Hyb,ECFP4+Mordred | ExtraTrees,0.7413644308848636,191,0.89643103052881,0.6100419914559334,0.558323516020527,0.3683166945563731,0.7792654121308006,2,3
nested,scaffold,0,scaffold_f00,HybClm,ECFP4+ChemBERTa-ZINC | ExtraTrees,0.7162771559701253,191,0.89643103052881,0.6023800655107533,0.5637818275144542,0.3766121975041355,0.7356453283780274,4,3
nested,scaffold,0,scaffold_f00,Gnn,"Molecular graph + AttentiveFP, fold ensemble",0.7322389125823975,191,0.89643103052881,0.48074488490145484,0.6442692298710102,0.4343515776457639,0.7543307927418892,7,1
nested,scaffold,1,scaffold_f01,Fp,ECFP4 | ExtraTrees,0.726988641694604,191,0.681702310451038,0.6851352987854932,0.3815196144699097,0.26534118070794843,0.569157206713458,3,3
nested,scaffold,1,scaffold_f01,Desc,RDKit-desc | ExtraTrees,0.7688569110131822,191,0.681702310451038,0.6234593943695796,0.4172158425961302,0.29176249857059255,0.5915947430737456,5,5
nested,scaffold,1,scaffold_f01,Frozen,MoLFormer-XL | SVR,0.7553080504209257,191,0.681702310451038,0.6391100896696615,0.4084531530562667,0.2888152720167364,0.5992322849253824,4,4
nested,scaffold,1,scaffold_f01,Ft,"ChemBERTa-ZINC (fine-tuned), fold ensemble",0.6859464764595031,191,0.681702310451038,0.4857431971309397,0.4875789025667935,0.3308758997096267,0.5584645694221316,7,1
nested,scaffold,1,scaffold_f01,Hyb,ECFP4+Mordred | ExtraTrees,0.7574168429688812,191,0.681702310451038,0.6917372110147503,0.3774986774621329,0.2655778280410226,0.6022247821555591,2,3
nested,scaffold,1,scaffold_f01,HybClm,ECFP4+ChemBERTa-ZINC | ExtraTrees,0.7270708021283145,191,0.681702310451038,0.5765979958930183,0.44241652217771704,0.30000337710764363,0.5380441127835185,6,3
nested,scaffold,1,scaffold_f01,Gnn,"Molecular graph + AttentiveFP, fold ensemble",0.7281763672828674,191,0.681702310451038,0.6940631551877736,0.3760718049436524,0.27684730847950445,0.671900451477458,1,1
nested,scaffold,2,scaffold_f02,Fp,ECFP4 | ExtraTrees,0.7325897689824528,191,0.7143158457925032,0.4381643750024006,0.5340169449631325,0.3736950695194006,0.6086482902341936,5,3
nested,scaffold,2,scaffold_f02,Desc,RDKit-desc | ExtraTrees,0.7609603838225384,191,0.7143158457925032,0.4428054879527725,0.5318067143819258,0.3992105781481956,0.6450174829363263,4,5
nested,scaffold,2,scaffold_f02,Frozen,MoLFormer-XL | SVR,0.7440145153027371,191,0.7143158457925032,0.37437865515050994,0.5635159069807326,0.42782669092706255,0.5615738900931745,6,4
nested,scaffold,2,scaffold_f02,Ft,"ChemBERTa-ZINC (fine-tuned), fold ensemble",0.6821442723274231,191,0.7143158457925032,0.18906221677116097,0.6415701785616672,0.48065349882183306,0.43481585550008683,7,1
nested,scaffold,2,scaffold_f02,Hyb,ECFP4+Mordred | ExtraTrees,0.7468393443156457,191,0.7143158457925032,0.5155433373889542,0.49588145591279825,0.35693193662093603,0.6652013238941145,1,3
nested,scaffold,2,scaffold_f02,HybClm,ECFP4+ChemBERTa-ZINC | ExtraTrees,0.7249226986062703,191,0.7143158457925032,0.4785180556371158,0.5144818274297519,0.37663372261511296,0.6436500210377399,2,3
nested,scaffold,2,scaffold_f02,Gnn,"Molecular graph + AttentiveFP, fold ensemble",0.7389370679855347,191,0.7143158457925032,0.46513174249729716,0.5210432973418396,0.381963094698497,0.6559657893460418,3,1
nested,scaffold,3,scaffold_f03,Fp,ECFP4 | ExtraTrees,0.6949044781867452,191,1.137261334610851,0.8300059453768828,0.4676675720852891,0.3564572080171602,0.7049427159609086,2,3
nested,scaffold,3,scaffold_f03,Desc,RDKit-desc | ExtraTrees,0.7380370117082518,191,1.137261334610851,0.6635985756722782,0.6578839688946015,0.4507242582355564,0.5485134873358198,7,5
nested,scaffold,3,scaffold_f03,Frozen,MoLFormer-XL | SVR,0.7410794461992091,191,1.137261334610851,0.7620980490281336,0.5532474139825291,0.42066549502038014,0.5855253923543542,6,4
nested,scaffold,3,scaffold_f03,Ft,"ChemBERTa-ZINC (fine-tuned), fold ensemble",0.6423396468162537,191,1.137261334610851,0.771115338985036,0.5426611555059955,0.4085388585044467,0.5308949215351355,5,1
nested,scaffold,3,scaffold_f03,Hyb,ECFP4+Mordred | ExtraTrees,0.7285674556525523,191,1.137261334610851,0.8094286456596018,0.49516415784490386,0.37149117484834604,0.6682577339624061,3,3
nested,scaffold,3,scaffold_f03,HybClm,ECFP4+ChemBERTa-ZINC | SVR,0.6845639845666358,191,1.137261334610851,0.7802169727815904,0.5317622045790299,0.40288251310489637,0.7064218208500174,4,3
nested,scaffold,3,scaffold_f03,Gnn,"Molecular graph + AttentiveFP, fold ensemble",0.7203892946243287,191,1.137261334610851,0.8374635009551681,0.45729435604444274,0.3326580535181732,0.6845002260509939,1,1
nested,scaffold,4,scaffold_f04,Fp,ECFP4 | ExtraTrees,0.7111024580421657,191,1.0477971079649944,0.7632309556043954,0.5085103220635737,0.35983021963151424,0.640052907182749,5,3
nested,scaffold,4,scaffold_f04,Desc,RDKit-desc | ExtraTrees,0.734997778795931,191,1.0477971079649944,0.7813004204507537,0.4887213213457239,0.33240748669929177,0.7152966685872283,1,5
nested,scaffold,4,scaffold_f04,Frozen,MoLFormer-XL | SVR,0.7471914854187217,191,1.0477971079649944,0.7625148737381945,0.5092787082251494,0.36471150190822954,0.7055642959188134,6,4
nested,scaffold,4,scaffold_f04,Ft,"ChemBERTa-ZINC (fine-tuned), fold ensemble",0.6365226030349731,191,1.0477971079649944,0.6923567137677387,0.5796435841324936,0.41936284182728245,0.610522535928285,7,1
nested,scaffold,4,scaffold_f04,Hyb,ECFP4+Mordred | ExtraTrees,0.749155971342066,191,1.0477971079649944,0.7782866009397595,0.49207724476906334,0.35679258647676393,0.6418733138206033,2,3
nested,scaffold,4,scaffold_f04,HybClm,ECFP4+ChemBERTa-ZINC | ExtraTrees,0.7082614389065388,191,1.0477971079649944,0.7737537773616822,0.4970819356113973,0.351731738634516,0.6115377958270695,3,3
nested,scaffold,4,scaffold_f04,Gnn,"Molecular graph + AttentiveFP, fold ensemble",0.7367041826248169,191,1.0477971079649944,0.7716976851985818,0.4993355306122944,0.35864417362344775,0.6715759089764727,4,1
nested,cluster,0,cluster_f00,Fp,ECFP4 | ExtraTrees,0.7482282927677733,191,0.7373830168638356,0.44096594507794895,0.5498856421372358,0.39513259528681255,0.6983043929855761,4,3
nested,cluster,0,cluster_f00,Desc,RDKit-desc | ExtraTrees,0.7807256880247563,191,0.7373830168638356,0.5203550004423951,0.5093463617108174,0.3701446358812346,0.7420731297174195,1,5
nested,cluster,0,cluster_f00,Frozen,MoLFormer-XL | SVR,0.7680764304523741,191,0.7373830168638356,0.4224873452090536,0.5588998593404354,0.40967823229731704,0.6994594232915555,6,4
nested,cluster,0,cluster_f00,Ft,"ChemBERTa-ZINC (fine-tuned), fold ensemble",0.6870215535163879,191,0.7373830168638356,0.2453999831880449,0.6388687612965465,0.4870562401102465,0.661268885536396,7,1
nested,cluster,0,cluster_f00,Hyb,ECFP4+Mordred | ExtraTrees,0.780644738110064,191,0.7373830168638356,0.45696422209074194,0.541960294050147,0.40055098206827383,0.7079499428182001,3,3
nested,cluster,0,cluster_f00,HybClm,ECFP4+ChemBERTa-ZINC | ExtraTrees,0.73568656308186,191,0.7373830168638356,0.4596151489091944,0.5406358373539641,0.39641033728216724,0.7165128320698814,2,3
nested,cluster,0,cluster_f00,Gnn,"Molecular graph + AttentiveFP, fold ensemble",0.7677751541137695,191,0.7373830168638356,0.42912536208435936,0.5556785366865865,0.3996995333468057,0.7020854104571782,5,1
nested,cluster,1,cluster_f01,Fp,ECFP4 | ExtraTrees,0.7371351097037668,191,0.6756581268094032,0.27292998637780197,0.5746127237603976,0.3929143630220119,0.562503417622958,1,3
nested,cluster,1,cluster_f01,Desc,RDKit-desc | ExtraTrees,0.7738875458548853,191,0.6756581268094032,0.10432598221421086,0.6377670968788829,0.4176628755041157,0.45891613586837615,5,5
nested,cluster,1,cluster_f01,Frozen,MoLFormer-XL | SVR,0.7663558350871875,191,0.6756581268094032,0.09215409365002669,0.642085986372326,0.45375329116540924,0.36803984600737955,6,4
nested,cluster,1,cluster_f01,Ft,"ChemBERTa-ZINC (fine-tuned), fold ensemble",0.703008234500885,191,0.6756581268094032,-0.03640244611444965,0.6860429983394578,0.46433192490057745,0.4309579762303803,7,1
nested,cluster,1,cluster_f01,Hyb,ECFP4+Mordred | ExtraTrees,0.7630127151166357,191,0.6756581268094032,0.1578378375598567,0.618422075836036,0.4233899445866639,0.41045802402222653,3,3
nested,cluster,1,cluster_f01,HybClm,ECFP4+ChemBERTa-ZINC | ExtraTrees,0.7401917821855488,191,0.6756581268094032,0.1498700835663792,0.6213406557085793,0.43398296250234975,0.43032160453073204,4,3
nested,cluster,1,cluster_f01,Gnn,"Molecular graph + AttentiveFP, fold ensemble",0.7535721182823181,191,0.6756581268094032,0.2660740782580694,0.5773155231000798,0.39795592325888374,0.4469077416172333,2,1
nested,cluster,2,cluster_f02,Fp,ECFP4 | ExtraTrees,0.7382267221668276,191,0.885590006360859,0.43973036371313146,0.6611368544228741,0.44401171985120036,0.6656270061452128,6,3
nested,cluster,2,cluster_f02,Desc,RDKit-desc | ExtraTrees,0.7338343957254084,191,0.885590006360859,0.6203214063469142,0.5442530606034627,0.4019089184378176,0.710304259881796,1,5
nested,cluster,2,cluster_f02,Frozen,MoLFormer-XL | SVR,0.7583655630199779,191,0.885590006360859,0.5727123348057795,0.5773683880776743,0.4084078303619271,0.6885928163587743,2,4
nested,cluster,2,cluster_f02,Ft,"ChemBERTa-ZINC (fine-tuned), fold ensemble",0.6964041233062744,191,0.885590006360859,0.408239930184661,0.6794627497015717,0.42864957295709744,0.6696352377620455,7,1
nested,cluster,2,cluster_f02,Hyb,ECFP4+Mordred | ExtraTrees,0.7542419813967174,191,0.885590006360859,0.5323687311918748,0.6040106488973954,0.41359552217722617,0.717234561610003,4,3
nested,cluster,2,cluster_f02,HybClm,ECFP4+ChemBERTa-ZINC | ExtraTrees,0.7260702774641032,191,0.885590006360859,0.49171894347240375,0.6297160837121795,0.4264577611727287,0.70953786220062,5,3
nested,cluster,2,cluster_f02,Gnn,"Molecular graph + AttentiveFP, fold ensemble",0.7571039080619812,191,0.885590006360859,0.5650415083700975,0.5825279002963237,0.4082646845572813,0.7267310038886641,3,1
nested,cluster,3,cluster_f03,Fp,ECFP4 | ExtraTrees,0.7296051256759707,191,0.7722406487101631,0.25233246364345285,0.6659889705524815,0.492399349330405,0.5278676821693175,2,3
nested,cluster,3,cluster_f03,Desc,RDKit-desc | ExtraTrees,0.7680092746892397,191,0.7722406487101631,0.21939079285219576,0.6805023190602415,0.49086610781706325,0.46529084715716723,3,5
nested,cluster,3,cluster_f03,Frozen,MoLFormer-XL | SVR,0.7416412934658428,191,0.7722406487101631,0.09519664214695056,0.732638735617634,0.5615975923338345,0.3011147694655101,7,4
nested,cluster,3,cluster_f03,Ft,"ChemBERTa-ZINC (fine-tuned), fold ensemble",0.6435249447822571,191,0.7722406487101631,0.15959967902781913,0.7060832021301483,0.528937368814339,0.40991706075000706,6,1
nested,cluster,3,cluster_f03,Hyb,ECFP4+Mordred | ExtraTrees,0.7599974179628186,191,0.7722406487101631,0.33568244730682684,0.6277701170021187,0.46624483856001164,0.6341652232227586,1,3
nested,cluster,3,cluster_f03,HybClm,ECFP4+ChemBERTa-ZINC | SVR,0.7111611941462977,191,0.7722406487101631,0.17226035766719328,0.7007444267846752,0.5394902069413414,0.3016176665055353,5,3
nested,cluster,3,cluster_f03,Gnn,"Molecular graph + AttentiveFP, fold ensemble",0.7459789872169494,191,0.7722406487101631,0.184430708918627,0.6955737872883437,0.4979103716524854,0.4853171717510481,4,1
nested,cluster,4,cluster_f04,Fp,ECFP4 | ExtraTrees,0.7643516820269551,191,0.7535928876355286,0.29612973820150235,0.6305843908253218,0.37920916756127215,0.6051337737579872,7,3
nested,cluster,4,cluster_f04,Desc,RDKit-desc | ExtraTrees,0.7710835331093537,191,0.7535928876355286,0.5085961020820329,0.5268854508482622,0.3385808214119713,0.6476334981434881,2,5
nested,cluster,4,cluster_f04,Frozen,MoLFormer-XL | SVR,0.7583135100752206,191,0.7535928876355286,0.4824414306370467,0.5407252619150112,0.3763390164365209,0.5951151798510038,3,4
nested,cluster,4,cluster_f04,Ft,"ChemBERTa-ZINC (fine-tuned), fold ensemble",0.6722763419151306,191,0.7535928876355286,0.4576294950483668,0.5535348129068124,0.36941977715261975,0.581720373642576,4,1
nested,cluster,4,cluster_f04,Hyb,ECFP4+Mordred | ExtraTrees,0.7862678974419768,191,0.7535928876355286,0.3731490489653363,0.5950850671314973,0.36355259829160014,0.6634739005995492,5,3
nested,cluster,4,cluster_f04,HybClm,ECFP4+ChemBERTa-ZINC | ExtraTrees,0.7509508588017246,191,0.7535928876355286,0.30530646011747464,0.6264602766803289,0.37747318020574705,0.6180142275330682,6,3
nested,cluster,4,cluster_f04,Gnn,"Molecular graph + AttentiveFP, fold ensemble",0.7432319760322571,191,0.7535928876355286,0.6062673710226155,0.47162586108898225,0.33779888032987127,0.5944779470259163,1,1
nested,source,0,source_f00,Fp,ECFP4 | ExtraTrees,0.7794245020207858,191,0.8591380464191692,-0.15551780681621796,0.9211097725951619,0.6072275713359208,0.22375348538453782,2,3
nested,source,0,source_f00,Desc,RDKit-desc | ExtraTrees,0.7909944337555286,191,0.8591380464191692,-0.22019744813362951,0.9465381547809756,0.5978668410286169,0.17594839478600557,4,5
nested,source,0,source_f00,Frozen,MoLFormer-XL | SVR,0.78494307148025,191,0.8591380464191692,-0.33590840503483865,0.990401774786248,0.6478187450942094,0.03245217768704469,6,4
nested,source,0,source_f00,Ft,"ChemBERTa-ZINC (fine-tuned), fold ensemble",0.7161589741706849,191,0.8591380464191692,-0.44586309840405236,1.0303544607590465,0.6675862701938756,-0.008882455363845089,7,1
nested,source,0,source_f00,Hyb,ECFP4+Mordred | ExtraTrees,0.795236596413293,191,0.8591380464191692,-0.17202303928253726,0.9276649400554506,0.5705432190834905,0.17899848270638746,3,3
nested,source,0,source_f00,HybClm,ECFP4+ChemBERTa-ZINC | ExtraTrees,0.764230064637401,191,0.8591380464191692,-0.15388172691307989,0.920457449024552,0.5850382209127585,0.20559676494375514,1,3
nested,source,0,source_f00,Gnn,"Molecular graph + AttentiveFP, fold ensemble",0.7952890157699585,191,0.8591380464191692,-0.2688323290444268,0.965217498397697,0.6369455861334801,0.26569090260941614,5,1
nested,source,1,source_f01,Fp,ECFP4 | ExtraTrees,0.7553213970506787,191,0.8980088834964266,0.07524194036267651,0.8613007240390328,0.570030083936246,0.3956327463081654,5,3
nested,source,1,source_f01,Desc,RDKit-desc | ExtraTrees,0.7958779212068352,191,0.8980088834964266,0.20830973814288656,0.7969267434996593,0.467658795790639,0.6435659976776213,1,5
nested,source,1,source_f01,Frozen,MoLFormer-XL | SVR,0.7737630502223183,191,0.8980088834964266,0.09185819398127593,0.8535276293842189,0.5948734421814112,0.48700764975189215,4,4
nested,source,1,source_f01,Ft,"ChemBERTa-ZINC (fine-tuned), fold ensemble",0.6926880836486816,191,0.8980088834964266,0.09652375673558522,0.8513323144701782,0.5278179580265449,0.5440085698576945,3,1
nested,source,1,source_f01,Hyb,ECFP4+Mordred | ExtraTrees,0.7907779343089159,191,0.8980088834964266,0.0700151647495506,0.8637313502739561,0.5583823151967667,0.4266767819461602,6,3
nested,source,1,source_f01,HybClm,ECFP4+ChemBERTa-ZINC | ExtraTrees,0.7529592400657127,191,0.8980088834964266,0.1223859867849203,0.8390590468132586,0.5165803039722745,0.46330103993056787,2,3
nested,source,1,source_f01,Gnn,"Molecular graph + AttentiveFP, fold ensemble",0.7759021401405335,191,0.8980088834964266,-0.11812784066583926,0.9470795964021173,0.6654771816507832,0.3671865245130585,7,1
nested,source,2,source_f02,Fp,ECFP4 | ExtraTrees,0.6556196939857266,192,1.5855252190559872,-0.03856064870011111,1.611592193527902,1.171008006636595,0.20229137869866098,6,3
nested,source,2,source_f02,Desc,RDKit-desc | ExtraTrees,0.7271583097238257,192,1.5855252190559872,-0.010917013079005278,1.5899994578765753,1.1492643475467885,0.11663196587609101,5,5
nested,source,2,source_f02,Frozen,MoLFormer-XL | SVR,0.6897827584642524,192,1.5855252190559872,0.011927605237751271,1.5719314622892782,1.135732017895591,0.1432577602083796,3,4
nested,source,2,source_f02,Ft,"ChemBERTa-ZINC (fine-tuned), fold ensemble",0.5774691581726075,192,1.5855252190559872,0.07325699579687406,1.5223653187178918,1.0700134377392656,0.35978731918549234,1,1
nested,source,2,source_f02,Hyb,ECFP4+Mordred | ExtraTrees,0.6867335355841855,192,1.5855252190559872,0.041971243827231275,1.5478486617297114,1.1182003782693581,0.24131915009608823,2,3
nested,source,2,source_f02,HybClm,ECFP4+ChemBERTa-ZINC | ExtraTrees,0.6385541402857866,192,1.5855252190559872,0.0035353240655412455,1.5785930172360043,1.1336128582115597,0.20830309730491045,4,3
nested,source,2,source_f02,Gnn,"Molecular graph + AttentiveFP, fold ensemble",0.7292196035385132,192,1.5855252190559872,-0.08571260204497455,1.6477702703019437,1.2333589010949257,0.09266637730713408,7,1
nested,source,3,source_f03,Fp,ECFP4 | ExtraTrees,0.7458229797877418,191,0.7507508558099797,0.14925216611982062,0.6906473961485755,0.5020544809960256,0.5405917429284376,5,3
nested,source,3,source_f03,Desc,RDKit-desc | ExtraTrees,0.7745521166185064,191,0.7507508558099797,0.26508559087019123,0.6419102847230601,0.48335665373798,0.5968803834628056,2,5
nested,source,3,source_f03,Frozen,MoLFormer-XL | SVR,0.7603410345972744,191,0.7507508558099797,0.2681660664739053,0.6405635527683204,0.4749140139496912,0.5472500020939324,1,4
nested,source,3,source_f03,Ft,"ChemBERTa-ZINC (fine-tuned), fold ensemble",0.7050512194633484,191,0.7507508558099797,0.027283852252876772,0.738497476359737,0.5343015360034455,0.49751197944263714,6,1
nested,source,3,source_f03,Hyb,ECFP4+Mordred | ExtraTrees,0.7777020292801913,191,0.7507508558099797,0.20921873966051419,0.6658618564851931,0.4956051146733973,0.5880047138794178,3,3
nested,source,3,source_f03,HybClm,ECFP4+ChemBERTa-ZINC | ExtraTrees,0.7408849932605481,191,0.7507508558099797,0.1635863874043071,0.6848043319648051,0.5026825444942161,0.5758291931421012,4,3
nested,source,3,source_f03,Gnn,"Molecular graph + AttentiveFP, fold ensemble",0.7494017839431762,191,0.7507508558099797,0.007365593291420058,0.746020248243644,0.5379491810969381,0.4020470788882197,7,1
nested,source,4,source_f04,Fp,ECFP4 | ExtraTrees,0.7172739784840282,191,0.9559704831567424,-0.03884066068120018,0.9718048670852825,0.6943235559451002,0.35853164127585513,7,3
nested,source,4,source_f04,Desc,RDKit-desc | ExtraTrees,0.765270651907967,191,0.9559704831567424,0.10339717712000973,0.9028272332915384,0.5870147013758426,0.49346065283321466,3,5
nested,source,4,source_f04,Frozen,MoLFormer-XL | SVR,0.7556039116276922,191,0.9559704831567424,0.06606545594973756,0.9214310005711059,0.6105670239301267,0.39071609037687177,5,4
nested,source,4,source_f04,Ft,"ChemBERTa-ZINC (fine-tuned), fold ensemble",0.665650200843811,191,0.9559704831567424,-0.004404397808763338,0.9555620703497915,0.6465202160147027,0.38709249637095217,6,1
nested,source,4,source_f04,Hyb,ECFP4+Mordred | ExtraTrees,0.7558773185216789,191,0.9559704831567424,0.14254598225839288,0.8828969565277136,0.6188334613495459,0.5313628605733641,2,3
nested,source,4,source_f04,HybClm,ECFP4+ChemBERTa-ZINC | ExtraTrees,0.7191785276300449,191,0.9559704831567424,0.07065858808596381,0.919162388275614,0.630699931214033,0.45945415309752813,4,3
nested,source,4,source_f04,Gnn,"Molecular graph + AttentiveFP, fold ensemble",0.7553272604942322,191,0.9559704831567424,0.2127953441928747,0.8459572698138798,0.5963777973420172,0.45615950702655655,1,1
fixed,stratified,0,stratified_f00,Fp,ECFP4 | ExtraTrees,0.7456483917203646,192,0.997930320072961,0.7132689253170572,0.5329711099950264,0.2862046909603803,0.8254445544633469,5,1
fixed,stratified,0,stratified_f00,Desc,RDKit-desc | ExtraTrees,0.7611325437371101,192,0.997930320072961,0.7425444775044647,0.5050302514447019,0.2834570670112159,0.837649021591759,4,1
fixed,stratified,0,stratified_f00,Frozen,MoLFormer-XL | SVR,0.7577131808865166,192,0.997930320072961,0.7454220243446795,0.5021999921939269,0.28975460608826564,0.8390876314385773,3,1
fixed,stratified,0,stratified_f00,Ft,"ChemBERTa-ZINC (fine-tuned), fold ensemble",0.6705690026283264,192,0.997930320072961,0.7112958938302204,0.5348016858871165,0.3312677573816488,0.8124084973848235,6,1
fixed,stratified,0,stratified_f00,Hyb,ECFP4+Mordred | ExtraTrees,0.7712248118012818,192,0.997930320072961,0.7466856895431716,0.5009520403065304,0.2737532322069745,0.8624783933085904,2,1
fixed,stratified,0,stratified_f00,HybClm,ECFP4+ChemBERTa-ZINC | ExtraTrees,0.7298273687819652,192,0.997930320072961,0.7094563149810738,0.5365028180325717,0.3012004985727999,0.8337841881847791,7,1
fixed,stratified,0,stratified_f00,Gnn,"Molecular graph + AttentiveFP, fold ensemble",0.7642738223075867,192,0.997930320072961,0.7487281570504289,0.4989283704122575,0.29841424745179973,0.8377583796767557,1,1
fixed,stratified,1,stratified_f01,Fp,ECFP4 | ExtraTrees,0.7136613794961455,191,0.8699492409238269,0.7338952422910539,0.4475899742849631,0.28155057970098135,0.7769164164783445,4,1
fixed,stratified,1,stratified_f01,Desc,RDKit-desc | ExtraTrees,0.7645498249378907,191,0.8699492409238269,0.7584633643137415,0.42642782648028077,0.27276851490220283,0.7977311164662798,2,1
fixed,stratified,1,stratified_f01,Frozen,MoLFormer-XL | SVR,0.7656093454095408,191,0.8699492409238269,0.693725439075903,0.4801859993724009,0.30412403430771123,0.770340556426988,7,1
fixed,stratified,1,stratified_f01,Ft,"ChemBERTa-ZINC (fine-tuned), fold ensemble",0.6774009704589844,191,0.8699492409238269,0.7294028048009147,0.45135231646280605,0.3104992090068193,0.7759008194480427,5,1
fixed,stratified,1,stratified_f01,Hyb,ECFP4+Mordred | ExtraTrees,0.7550309567812208,191,0.8699492409238269,0.7641194456432809,0.4214054036567337,0.2666118513117095,0.8007441814052096,1,1
fixed,stratified,1,stratified_f01,HybClm,ECFP4+ChemBERTa-ZINC | ExtraTrees,0.7161003035548527,191,0.8699492409238269,0.7489822737604592,0.4347166016426684,0.2805739974747752,0.7909273936647693,3,1
fixed,stratified,1,stratified_f01,Gnn,"Molecular graph + AttentiveFP, fold ensemble",0.7523577094078064,191,0.8699492409238269,0.6996201622847231,0.47554259078641486,0.31101137401784607,0.7653271057055102,6,1
fixed,stratified,2,stratified_f02,Fp,ECFP4 | ExtraTrees,0.7251149260353454,191,0.8681228659386099,0.7370578271503935,0.44398820833786257,0.26381951019357247,0.8550187186114437,6,1
fixed,stratified,2,stratified_f02,Desc,RDKit-desc | ExtraTrees,0.775205397618244,191,0.8681228659386099,0.7702370086171897,0.4150317778849557,0.2664461236085036,0.8393299620480537,3,1
fixed,stratified,2,stratified_f02,Frozen,MoLFormer-XL | SVR,0.7594897308208604,191,0.8681228659386099,0.8056949328606438,0.3816659140223482,0.26894433748926105,0.8528874450786269,1,1
fixed,stratified,2,stratified_f02,Ft,"ChemBERTa-ZINC (fine-tuned), fold ensemble",0.6768751382827759,191,0.8681228659386099,0.7414688387267946,0.4402483741819642,0.29846744831701566,0.8191005164589895,5,1
fixed,stratified,2,stratified_f02,Hyb,ECFP4+Mordred | ExtraTrees,0.7642387420628977,191,0.8681228659386099,0.7431856424945694,0.4387841811937988,0.2687954593395268,0.8471463539096208,4,1
fixed,stratified,2,stratified_f02,HybClm,ECFP4+ChemBERTa-ZINC | ExtraTrees,0.7238367561478058,191,0.8681228659386099,0.7069057097003557,0.46875400507178794,0.28862650916359806,0.8320681318653286,7,1
fixed,stratified,2,stratified_f02,Gnn,"Molecular graph + AttentiveFP, fold ensemble",0.7617905020713807,191,0.8681228659386099,0.7812962044641198,0.40492022771043257,0.2718117991143068,0.8118352417937873,2,1
fixed,stratified,3,stratified_f03,Fp,ECFP4 | ExtraTrees,0.7411711720063667,191,0.8543235449958014,0.6099401386910882,0.5321672245736566,0.28788651744596044,0.7538774058602628,5,1
fixed,stratified,3,stratified_f03,Desc,RDKit-desc | ExtraTrees,0.7712916952067552,191,0.8543235449958014,0.6231325381973725,0.5230904771838273,0.2915664324401829,0.7622385480843173,4,1
fixed,stratified,3,stratified_f03,Frozen,MoLFormer-XL | SVR,0.7585269711897303,191,0.8543235449958014,0.6437901810399957,0.5085520809968566,0.3127562020761031,0.7353948812495866,2,1
fixed,stratified,3,stratified_f03,Ft,"ChemBERTa-ZINC (fine-tuned), fold ensemble",0.6842563629150391,191,0.8543235449958014,0.5384887559559934,0.578860127155473,0.3301018154659037,0.6842659325339625,7,1
fixed,stratified,3,stratified_f03,Hyb,ECFP4+Mordred | ExtraTrees,0.7715697340614973,191,0.8543235449958014,0.626075560716902,0.5210440225364198,0.28606506978436164,0.7548268956785005,3,1
fixed,stratified,3,stratified_f03,HybClm,ECFP4+ChemBERTa-ZINC | ExtraTrees,0.7390422515995029,191,0.8543235449958014,0.5699601004023511,0.5587748727842258,0.3084127703395476,0.7347507641356618,6,1
fixed,stratified,3,stratified_f03,Gnn,"Molecular graph + AttentiveFP, fold ensemble",0.765441620349884,191,0.8543235449958014,0.7537679625155875,0.42281926976115014,0.2803803215375616,0.7374012888370797,1,1
fixed,stratified,4,stratified_f04,Fp,ECFP4 | ExtraTrees,0.7173677212992626,191,0.8990434688764097,0.7413531354052454,0.4560310527977799,0.2563885307637186,0.842140433791777,6,1
fixed,stratified,4,stratified_f04,Desc,RDKit-desc | ExtraTrees,0.7485536693907532,191,0.8990434688764097,0.7913437566090297,0.40959674750699654,0.24221219801417027,0.8562905810477207,2,1
fixed,stratified,4,stratified_f04,Frozen,MoLFormer-XL | SVR,0.7374326890576051,191,0.8990434688764097,0.7477638989416489,0.4503440504831324,0.26291773042228544,0.823484835559501,5,1
fixed,stratified,4,stratified_f04,Ft,"ChemBERTa-ZINC (fine-tuned), fold ensemble",0.6554402232170105,191,0.8990434688764097,0.7130585473243531,0.48032750196133744,0.30033083592447757,0.7591727951800199,7,1
fixed,stratified,4,stratified_f04,Hyb,ECFP4+Mordred | ExtraTrees,0.7468049043089184,191,0.8990434688764097,0.800810678171048,0.40019700467993735,0.22762387662794403,0.8799218091999605,1,1
fixed,stratified,4,stratified_f04,HybClm,ECFP4+ChemBERTa-ZINC | ExtraTrees,0.7153741062778376,191,0.8990434688764097,0.7594931118612326,0.4397487026295043,0.2445751295206167,0.8590548198921449,3,1
fixed,stratified,4,stratified_f04,Gnn,"Molecular graph + AttentiveFP, fold ensemble",0.744220769405365,191,0.8990434688764097,0.7519034986814375,0.4466333280039659,0.26550153309625546,0.8476430774727337,4,1
fixed,scaffold,0,scaffold_f00,Fp,ECFP4 | ExtraTrees,0.7134772341259726,191,0.89643103052881,0.6051032641826823,0.5618479108086771,0.3818898992116247,0.7466631417973446,3,1
fixed,scaffold,0,scaffold_f00,Desc,RDKit-desc | ExtraTrees,0.7462903022067245,191,0.89643103052881,0.569945346983324,0.5863255556624881,0.41402402795134535,0.7233597152124799,6,1
fixed,scaffold,0,scaffold_f00,Frozen,MoLFormer-XL | SVR,0.718896924407493,191,0.89643103052881,0.712288902669688,0.47957364131746383,0.3572640743324553,0.790652014982699,1,1
fixed,scaffold,0,scaffold_f00,Ft,"ChemBERTa-ZINC (fine-tuned), fold ensemble",0.6523033499717712,191,0.89643103052881,0.5965783769495847,0.5678800141839692,0.397125974305714,0.7412219479098202,5,1
fixed,scaffold,0,scaffold_f00,Hyb,ECFP4+Mordred | ExtraTrees,0.7413644308848636,191,0.89643103052881,0.6100419914559334,0.558323516020527,0.3683166945563731,0.7792654121308006,2,1
fixed,scaffold,0,scaffold_f00,HybClm,ECFP4+ChemBERTa-ZINC | ExtraTrees,0.7162771559701253,191,0.89643103052881,0.6023800655107533,0.5637818275144542,0.3766121975041355,0.7356453283780274,4,1
fixed,scaffold,0,scaffold_f00,Gnn,"Molecular graph + AttentiveFP, fold ensemble",0.7322389125823975,191,0.89643103052881,0.48074488490145484,0.6442692298710102,0.4343515776457639,0.7543307927418892,7,1
fixed,scaffold,1,scaffold_f01,Fp,ECFP4 | ExtraTrees,0.726988641694604,191,0.681702310451038,0.6851352987854932,0.3815196144699097,0.26534118070794843,0.569157206713458,3,1
fixed,scaffold,1,scaffold_f01,Desc,RDKit-desc | ExtraTrees,0.7688569110131822,191,0.681702310451038,0.6234593943695796,0.4172158425961302,0.29176249857059255,0.5915947430737456,5,1
fixed,scaffold,1,scaffold_f01,Frozen,MoLFormer-XL | SVR,0.7553080504209257,191,0.681702310451038,0.6391100896696615,0.4084531530562667,0.2888152720167364,0.5992322849253824,4,1
fixed,scaffold,1,scaffold_f01,Ft,"ChemBERTa-ZINC (fine-tuned), fold ensemble",0.6859464764595031,191,0.681702310451038,0.4857431971309397,0.4875789025667935,0.3308758997096267,0.5584645694221316,7,1
fixed,scaffold,1,scaffold_f01,Hyb,ECFP4+Mordred | ExtraTrees,0.7574168429688812,191,0.681702310451038,0.6917372110147503,0.3774986774621329,0.2655778280410226,0.6022247821555591,2,1
fixed,scaffold,1,scaffold_f01,HybClm,ECFP4+ChemBERTa-ZINC | ExtraTrees,0.7270708021283145,191,0.681702310451038,0.5765979958930183,0.44241652217771704,0.30000337710764363,0.5380441127835185,6,1
fixed,scaffold,1,scaffold_f01,Gnn,"Molecular graph + AttentiveFP, fold ensemble",0.7281763672828674,191,0.681702310451038,0.6940631551877736,0.3760718049436524,0.27684730847950445,0.671900451477458,1,1
fixed,scaffold,2,scaffold_f02,Fp,ECFP4 | ExtraTrees,0.7325897689824528,191,0.7143158457925032,0.4381643750024006,0.5340169449631325,0.3736950695194006,0.6086482902341936,5,1
fixed,scaffold,2,scaffold_f02,Desc,RDKit-desc | ExtraTrees,0.7609603838225384,191,0.7143158457925032,0.4428054879527725,0.5318067143819258,0.3992105781481956,0.6450174829363263,4,1
fixed,scaffold,2,scaffold_f02,Frozen,MoLFormer-XL | SVR,0.7440145153027371,191,0.7143158457925032,0.37437865515050994,0.5635159069807326,0.42782669092706255,0.5615738900931745,6,1
fixed,scaffold,2,scaffold_f02,Ft,"ChemBERTa-ZINC (fine-tuned), fold ensemble",0.6821442723274231,191,0.7143158457925032,0.18906221677116097,0.6415701785616672,0.48065349882183306,0.43481585550008683,7,1
fixed,scaffold,2,scaffold_f02,Hyb,ECFP4+Mordred | ExtraTrees,0.7468393443156457,191,0.7143158457925032,0.5155433373889542,0.49588145591279825,0.35693193662093603,0.6652013238941145,1,1
fixed,scaffold,2,scaffold_f02,HybClm,ECFP4+ChemBERTa-ZINC | ExtraTrees,0.7249226986062703,191,0.7143158457925032,0.4785180556371158,0.5144818274297519,0.37663372261511296,0.6436500210377399,2,1
fixed,scaffold,2,scaffold_f02,Gnn,"Molecular graph + AttentiveFP, fold ensemble",0.7389370679855347,191,0.7143158457925032,0.46513174249729716,0.5210432973418396,0.381963094698497,0.6559657893460418,3,1
fixed,scaffold,3,scaffold_f03,Fp,ECFP4 | ExtraTrees,0.6949044781867452,191,1.137261334610851,0.8300059453768828,0.4676675720852891,0.3564572080171602,0.7049427159609086,2,1
fixed,scaffold,3,scaffold_f03,Desc,RDKit-desc | ExtraTrees,0.7380370117082518,191,1.137261334610851,0.6635985756722782,0.6578839688946015,0.4507242582355564,0.5485134873358198,7,1
fixed,scaffold,3,scaffold_f03,Frozen,MoLFormer-XL | SVR,0.7410794461992091,191,1.137261334610851,0.7620980490281336,0.5532474139825291,0.42066549502038014,0.5855253923543542,6,1
fixed,scaffold,3,scaffold_f03,Ft,"ChemBERTa-ZINC (fine-tuned), fold ensemble",0.6423396468162537,191,1.137261334610851,0.771115338985036,0.5426611555059955,0.4085388585044467,0.5308949215351355,5,1
fixed,scaffold,3,scaffold_f03,Hyb,ECFP4+Mordred | ExtraTrees,0.7285674556525523,191,1.137261334610851,0.8094286456596018,0.49516415784490386,0.37149117484834604,0.6682577339624061,4,1
fixed,scaffold,3,scaffold_f03,HybClm,ECFP4+ChemBERTa-ZINC | ExtraTrees,0.6802424157263249,191,1.137261334610851,0.8176463775521613,0.4843703920411542,0.382651127810006,0.7136001377862101,3,1
fixed,scaffold,3,scaffold_f03,Gnn,"Molecular graph + AttentiveFP, fold ensemble",0.7203892946243287,191,1.137261334610851,0.8374635009551681,0.45729435604444274,0.3326580535181732,0.6845002260509939,1,1
fixed,scaffold,4,scaffold_f04,Fp,ECFP4 | ExtraTrees,0.7111024580421657,191,1.0477971079649944,0.7632309556043954,0.5085103220635737,0.35983021963151424,0.640052907182749,5,1
fixed,scaffold,4,scaffold_f04,Desc,RDKit-desc | ExtraTrees,0.734997778795931,191,1.0477971079649944,0.7813004204507537,0.4887213213457239,0.33240748669929177,0.7152966685872283,1,1
fixed,scaffold,4,scaffold_f04,Frozen,MoLFormer-XL | SVR,0.7471914854187217,191,1.0477971079649944,0.7625148737381945,0.5092787082251494,0.36471150190822954,0.7055642959188134,6,1
fixed,scaffold,4,scaffold_f04,Ft,"ChemBERTa-ZINC (fine-tuned), fold ensemble",0.6365226030349731,191,1.0477971079649944,0.6923567137677387,0.5796435841324936,0.41936284182728245,0.610522535928285,7,1
fixed,scaffold,4,scaffold_f04,Hyb,ECFP4+Mordred | ExtraTrees,0.749155971342066,191,1.0477971079649944,0.7782866009397595,0.49207724476906334,0.35679258647676393,0.6418733138206033,2,1
fixed,scaffold,4,scaffold_f04,HybClm,ECFP4+ChemBERTa-ZINC | ExtraTrees,0.7082614389065388,191,1.0477971079649944,0.7737537773616822,0.4970819356113973,0.351731738634516,0.6115377958270695,3,1
fixed,scaffold,4,scaffold_f04,Gnn,"Molecular graph + AttentiveFP, fold ensemble",0.7367041826248169,191,1.0477971079649944,0.7716976851985818,0.4993355306122944,0.35864417362344775,0.6715759089764727,4,1
fixed,cluster,0,cluster_f00,Fp,ECFP4 | ExtraTrees,0.7482282927677733,191,0.7373830168638356,0.44096594507794895,0.5498856421372358,0.39513259528681255,0.6983043929855761,4,1
fixed,cluster,0,cluster_f00,Desc,RDKit-desc | ExtraTrees,0.7807256880247563,191,0.7373830168638356,0.5203550004423951,0.5093463617108174,0.3701446358812346,0.7420731297174195,1,1
fixed,cluster,0,cluster_f00,Frozen,MoLFormer-XL | SVR,0.7680764304523741,191,0.7373830168638356,0.4224873452090536,0.5588998593404354,0.40967823229731704,0.6994594232915555,6,1
fixed,cluster,0,cluster_f00,Ft,"ChemBERTa-ZINC (fine-tuned), fold ensemble",0.6870215535163879,191,0.7373830168638356,0.2453999831880449,0.6388687612965465,0.4870562401102465,0.661268885536396,7,1
fixed,cluster,0,cluster_f00,Hyb,ECFP4+Mordred | ExtraTrees,0.780644738110064,191,0.7373830168638356,0.45696422209074194,0.541960294050147,0.40055098206827383,0.7079499428182001,3,1
fixed,cluster,0,cluster_f00,HybClm,ECFP4+ChemBERTa-ZINC | ExtraTrees,0.73568656308186,191,0.7373830168638356,0.4596151489091944,0.5406358373539641,0.39641033728216724,0.7165128320698814,2,1
fixed,cluster,0,cluster_f00,Gnn,"Molecular graph + AttentiveFP, fold ensemble",0.7677751541137695,191,0.7373830168638356,0.42912536208435936,0.5556785366865865,0.3996995333468057,0.7020854104571782,5,1
fixed,cluster,1,cluster_f01,Fp,ECFP4 | ExtraTrees,0.7371351097037668,191,0.6756581268094032,0.27292998637780197,0.5746127237603976,0.3929143630220119,0.562503417622958,1,1
fixed,cluster,1,cluster_f01,Desc,RDKit-desc | ExtraTrees,0.7738875458548853,191,0.6756581268094032,0.10432598221421086,0.6377670968788829,0.4176628755041157,0.45891613586837615,5,1
fixed,cluster,1,cluster_f01,Frozen,MoLFormer-XL | SVR,0.7663558350871875,191,0.6756581268094032,0.09215409365002669,0.642085986372326,0.45375329116540924,0.36803984600737955,6,1
fixed,cluster,1,cluster_f01,Ft,"ChemBERTa-ZINC (fine-tuned), fold ensemble",0.703008234500885,191,0.6756581268094032,-0.03640244611444965,0.6860429983394578,0.46433192490057745,0.4309579762303803,7,1
fixed,cluster,1,cluster_f01,Hyb,ECFP4+Mordred | ExtraTrees,0.7630127151166357,191,0.6756581268094032,0.1578378375598567,0.618422075836036,0.4233899445866639,0.41045802402222653,3,1
fixed,cluster,1,cluster_f01,HybClm,ECFP4+ChemBERTa-ZINC | ExtraTrees,0.7401917821855488,191,0.6756581268094032,0.1498700835663792,0.6213406557085793,0.43398296250234975,0.43032160453073204,4,1
fixed,cluster,1,cluster_f01,Gnn,"Molecular graph + AttentiveFP, fold ensemble",0.7535721182823181,191,0.6756581268094032,0.2660740782580694,0.5773155231000798,0.39795592325888374,0.4469077416172333,2,1
fixed,cluster,2,cluster_f02,Fp,ECFP4 | ExtraTrees,0.7382267221668276,191,0.885590006360859,0.43973036371313146,0.6611368544228741,0.44401171985120036,0.6656270061452128,6,1
fixed,cluster,2,cluster_f02,Desc,RDKit-desc | ExtraTrees,0.7338343957254084,191,0.885590006360859,0.6203214063469142,0.5442530606034627,0.4019089184378176,0.710304259881796,1,1
fixed,cluster,2,cluster_f02,Frozen,MoLFormer-XL | SVR,0.7583655630199779,191,0.885590006360859,0.5727123348057795,0.5773683880776743,0.4084078303619271,0.6885928163587743,2,1
fixed,cluster,2,cluster_f02,Ft,"ChemBERTa-ZINC (fine-tuned), fold ensemble",0.6964041233062744,191,0.885590006360859,0.408239930184661,0.6794627497015717,0.42864957295709744,0.6696352377620455,7,1
fixed,cluster,2,cluster_f02,Hyb,ECFP4+Mordred | ExtraTrees,0.7542419813967174,191,0.885590006360859,0.5323687311918748,0.6040106488973954,0.41359552217722617,0.717234561610003,4,1
fixed,cluster,2,cluster_f02,HybClm,ECFP4+ChemBERTa-ZINC | ExtraTrees,0.7260702774641032,191,0.885590006360859,0.49171894347240375,0.6297160837121795,0.4264577611727287,0.70953786220062,5,1
fixed,cluster,2,cluster_f02,Gnn,"Molecular graph + AttentiveFP, fold ensemble",0.7571039080619812,191,0.885590006360859,0.5650415083700975,0.5825279002963237,0.4082646845572813,0.7267310038886641,3,1
fixed,cluster,3,cluster_f03,Fp,ECFP4 | ExtraTrees,0.7296051256759707,191,0.7722406487101631,0.25233246364345285,0.6659889705524815,0.492399349330405,0.5278676821693175,3,1
fixed,cluster,3,cluster_f03,Desc,RDKit-desc | ExtraTrees,0.7680092746892397,191,0.7722406487101631,0.21939079285219576,0.6805023190602415,0.49086610781706325,0.46529084715716723,4,1
fixed,cluster,3,cluster_f03,Frozen,MoLFormer-XL | SVR,0.7416412934658428,191,0.7722406487101631,0.09519664214695056,0.732638735617634,0.5615975923338345,0.3011147694655101,7,1
fixed,cluster,3,cluster_f03,Ft,"ChemBERTa-ZINC (fine-tuned), fold ensemble",0.6435249447822571,191,0.7722406487101631,0.15959967902781913,0.7060832021301483,0.528937368814339,0.40991706075000706,6,1
fixed,cluster,3,cluster_f03,Hyb,ECFP4+Mordred | ExtraTrees,0.7599974179628186,191,0.7722406487101631,0.33568244730682684,0.6277701170021187,0.46624483856001164,0.6341652232227586,1,1
fixed,cluster,3,cluster_f03,HybClm,ECFP4+ChemBERTa-ZINC | ExtraTrees,0.7091698706352207,191,0.7722406487101631,0.30433316464376226,0.6424116744142572,0.4825627952333047,0.6055397036944739,2,1
fixed,cluster,3,cluster_f03,Gnn,"Molecular graph + AttentiveFP, fold ensemble",0.7459789872169494,191,0.7722406487101631,0.184430708918627,0.6955737872883437,0.4979103716524854,0.4853171717510481,5,1
fixed,cluster,4,cluster_f04,Fp,ECFP4 | ExtraTrees,0.7643516820269551,191,0.7535928876355286,0.29612973820150235,0.6305843908253218,0.37920916756127215,0.6051337737579872,7,1
fixed,cluster,4,cluster_f04,Desc,RDKit-desc | ExtraTrees,0.7710835331093537,191,0.7535928876355286,0.5085961020820329,0.5268854508482622,0.3385808214119713,0.6476334981434881,2,1
fixed,cluster,4,cluster_f04,Frozen,MoLFormer-XL | SVR,0.7583135100752206,191,0.7535928876355286,0.4824414306370467,0.5407252619150112,0.3763390164365209,0.5951151798510038,3,1
fixed,cluster,4,cluster_f04,Ft,"ChemBERTa-ZINC (fine-tuned), fold ensemble",0.6722763419151306,191,0.7535928876355286,0.4576294950483668,0.5535348129068124,0.36941977715261975,0.581720373642576,4,1
fixed,cluster,4,cluster_f04,Hyb,ECFP4+Mordred | ExtraTrees,0.7862678974419768,191,0.7535928876355286,0.3731490489653363,0.5950850671314973,0.36355259829160014,0.6634739005995492,5,1
fixed,cluster,4,cluster_f04,HybClm,ECFP4+ChemBERTa-ZINC | ExtraTrees,0.7509508588017246,191,0.7535928876355286,0.30530646011747464,0.6264602766803289,0.37747318020574705,0.6180142275330682,6,1
fixed,cluster,4,cluster_f04,Gnn,"Molecular graph + AttentiveFP, fold ensemble",0.7432319760322571,191,0.7535928876355286,0.6062673710226155,0.47162586108898225,0.33779888032987127,0.5944779470259163,1,1
fixed,source,0,source_f00,Fp,ECFP4 | ExtraTrees,0.7794245020207858,191,0.8591380464191692,-0.15551780681621796,0.9211097725951619,0.6072275713359208,0.22375348538453782,2,1
fixed,source,0,source_f00,Desc,RDKit-desc | ExtraTrees,0.7909944337555286,191,0.8591380464191692,-0.22019744813362951,0.9465381547809756,0.5978668410286169,0.17594839478600557,4,1
fixed,source,0,source_f00,Frozen,MoLFormer-XL | SVR,0.78494307148025,191,0.8591380464191692,-0.33590840503483865,0.990401774786248,0.6478187450942094,0.03245217768704469,6,1
fixed,source,0,source_f00,Ft,"ChemBERTa-ZINC (fine-tuned), fold ensemble",0.7161589741706849,191,0.8591380464191692,-0.44586309840405236,1.0303544607590465,0.6675862701938756,-0.008882455363845089,7,1
fixed,source,0,source_f00,Hyb,ECFP4+Mordred | ExtraTrees,0.795236596413293,191,0.8591380464191692,-0.17202303928253726,0.9276649400554506,0.5705432190834905,0.17899848270638746,3,1
fixed,source,0,source_f00,HybClm,ECFP4+ChemBERTa-ZINC | ExtraTrees,0.764230064637401,191,0.8591380464191692,-0.15388172691307989,0.920457449024552,0.5850382209127585,0.20559676494375514,1,1
fixed,source,0,source_f00,Gnn,"Molecular graph + AttentiveFP, fold ensemble",0.7952890157699585,191,0.8591380464191692,-0.2688323290444268,0.965217498397697,0.6369455861334801,0.26569090260941614,5,1
fixed,source,1,source_f01,Fp,ECFP4 | ExtraTrees,0.7553213970506787,191,0.8980088834964266,0.07524194036267651,0.8613007240390328,0.570030083936246,0.3956327463081654,5,1
fixed,source,1,source_f01,Desc,RDKit-desc | ExtraTrees,0.7958779212068352,191,0.8980088834964266,0.20830973814288656,0.7969267434996593,0.467658795790639,0.6435659976776213,1,1
fixed,source,1,source_f01,Frozen,MoLFormer-XL | SVR,0.7737630502223183,191,0.8980088834964266,0.09185819398127593,0.8535276293842189,0.5948734421814112,0.48700764975189215,4,1
fixed,source,1,source_f01,Ft,"ChemBERTa-ZINC (fine-tuned), fold ensemble",0.6926880836486816,191,0.8980088834964266,0.09652375673558522,0.8513323144701782,0.5278179580265449,0.5440085698576945,3,1
fixed,source,1,source_f01,Hyb,ECFP4+Mordred | ExtraTrees,0.7907779343089159,191,0.8980088834964266,0.0700151647495506,0.8637313502739561,0.5583823151967667,0.4266767819461602,6,1
fixed,source,1,source_f01,HybClm,ECFP4+ChemBERTa-ZINC | ExtraTrees,0.7529592400657127,191,0.8980088834964266,0.1223859867849203,0.8390590468132586,0.5165803039722745,0.46330103993056787,2,1
fixed,source,1,source_f01,Gnn,"Molecular graph + AttentiveFP, fold ensemble",0.7759021401405335,191,0.8980088834964266,-0.11812784066583926,0.9470795964021173,0.6654771816507832,0.3671865245130585,7,1
fixed,source,2,source_f02,Fp,ECFP4 | ExtraTrees,0.6556196939857266,192,1.5855252190559872,-0.03856064870011111,1.611592193527902,1.171008006636595,0.20229137869866098,6,1
fixed,source,2,source_f02,Desc,RDKit-desc | ExtraTrees,0.7271583097238257,192,1.5855252190559872,-0.010917013079005278,1.5899994578765753,1.1492643475467885,0.11663196587609101,5,1
fixed,source,2,source_f02,Frozen,MoLFormer-XL | SVR,0.6897827584642524,192,1.5855252190559872,0.011927605237751271,1.5719314622892782,1.135732017895591,0.1432577602083796,3,1
fixed,source,2,source_f02,Ft,"ChemBERTa-ZINC (fine-tuned), fold ensemble",0.5774691581726075,192,1.5855252190559872,0.07325699579687406,1.5223653187178918,1.0700134377392656,0.35978731918549234,1,1
fixed,source,2,source_f02,Hyb,ECFP4+Mordred | ExtraTrees,0.6867335355841855,192,1.5855252190559872,0.041971243827231275,1.5478486617297114,1.1182003782693581,0.24131915009608823,2,1
fixed,source,2,source_f02,HybClm,ECFP4+ChemBERTa-ZINC | ExtraTrees,0.6385541402857866,192,1.5855252190559872,0.0035353240655412455,1.5785930172360043,1.1336128582115597,0.20830309730491045,4,1
fixed,source,2,source_f02,Gnn,"Molecular graph + AttentiveFP, fold ensemble",0.7292196035385132,192,1.5855252190559872,-0.08571260204497455,1.6477702703019437,1.2333589010949257,0.09266637730713408,7,1
fixed,source,3,source_f03,Fp,ECFP4 | ExtraTrees,0.7458229797877418,191,0.7507508558099797,0.14925216611982062,0.6906473961485755,0.5020544809960256,0.5405917429284376,5,1
fixed,source,3,source_f03,Desc,RDKit-desc | ExtraTrees,0.7745521166185064,191,0.7507508558099797,0.26508559087019123,0.6419102847230601,0.48335665373798,0.5968803834628056,2,1
fixed,source,3,source_f03,Frozen,MoLFormer-XL | SVR,0.7603410345972744,191,0.7507508558099797,0.2681660664739053,0.6405635527683204,0.4749140139496912,0.5472500020939324,1,1
fixed,source,3,source_f03,Ft,"ChemBERTa-ZINC (fine-tuned), fold ensemble",0.7050512194633484,191,0.7507508558099797,0.027283852252876772,0.738497476359737,0.5343015360034455,0.49751197944263714,6,1
fixed,source,3,source_f03,Hyb,ECFP4+Mordred | ExtraTrees,0.7777020292801913,191,0.7507508558099797,0.20921873966051419,0.6658618564851931,0.4956051146733973,0.5880047138794178,3,1
fixed,source,3,source_f03,HybClm,ECFP4+ChemBERTa-ZINC | ExtraTrees,0.7408849932605481,191,0.7507508558099797,0.1635863874043071,0.6848043319648051,0.5026825444942161,0.5758291931421012,4,1
fixed,source,3,source_f03,Gnn,"Molecular graph + AttentiveFP, fold ensemble",0.7494017839431762,191,0.7507508558099797,0.007365593291420058,0.746020248243644,0.5379491810969381,0.4020470788882197,7,1
fixed,source,4,source_f04,Fp,ECFP4 | ExtraTrees,0.7172739784840282,191,0.9559704831567424,-0.03884066068120018,0.9718048670852825,0.6943235559451002,0.35853164127585513,7,1
fixed,source,4,source_f04,Desc,RDKit-desc | ExtraTrees,0.765270651907967,191,0.9559704831567424,0.10339717712000973,0.9028272332915384,0.5870147013758426,0.49346065283321466,3,1
fixed,source,4,source_f04,Frozen,MoLFormer-XL | SVR,0.7556039116276922,191,0.9559704831567424,0.06606545594973756,0.9214310005711059,0.6105670239301267,0.39071609037687177,5,1
fixed,source,4,source_f04,Ft,"ChemBERTa-ZINC (fine-tuned), fold ensemble",0.665650200843811,191,0.9559704831567424,-0.004404397808763338,0.9555620703497915,0.6465202160147027,0.38709249637095217,6,1
fixed,source,4,source_f04,Hyb,ECFP4+Mordred | ExtraTrees,0.7558773185216789,191,0.9559704831567424,0.14254598225839288,0.8828969565277136,0.6188334613495459,0.5313628605733641,2,1
fixed,source,4,source_f04,HybClm,ECFP4+ChemBERTa-ZINC | ExtraTrees,0.7191785276300449,191,0.9559704831567424,0.07065858808596381,0.919162388275614,0.630699931214033,0.45945415309752813,4,1
fixed,source,4,source_f04,Gnn,"Molecular graph + AttentiveFP, fold ensemble",0.7553272604942322,191,0.9559704831567424,0.2127953441928747,0.8459572698138798,0.5963777973420172,0.45615950702655655,1,1
