rule,design,partition,family,selected_model,inner_cv_r2,n_test,test_sd_pIC50,r2,rmse,mae,spearman,rank,n_candidates
nested,scaffold,scaffold_s01,Fp,ECFP4 | ExtraTrees,0.7438333557983142,191,0.8099624555754164,0.5338883558349753,0.5515310679262903,0.34519970518031057,0.7325808541939739,4,3
nested,scaffold,scaffold_s01,Desc,RDKit-desc | ExtraTrees,0.7793076733735763,191,0.8099624555754164,0.5274694789687832,0.555315681660432,0.3584468009702736,0.7020328905036817,5,5
nested,scaffold,scaffold_s01,Frozen,MoLFormer-XL | SVR,0.7742389072719746,191,0.8099624555754164,0.5655131980189485,0.5324922601481867,0.3574780520788061,0.6654034027196691,2,4
nested,scaffold,scaffold_s01,Ft,"ChemBERTa-ZINC (fine-tuned), fold ensemble",0.6900455951690674,191,0.8099624555754164,0.5107826176275172,0.5650357738711892,0.38216597688588394,0.6577532071376309,7,1
nested,scaffold,scaffold_s01,Hyb,ECFP4+Mordred | ExtraTrees,0.7774075232296899,191,0.8099624555754164,0.5465437176197606,0.5439922553298135,0.3336990228008418,0.7479995091629803,3,3
nested,scaffold,scaffold_s01,HybClm,ECFP4+ChemBERTa-ZINC | SVR,0.7382435972213086,191,0.8099624555754164,0.5114830569026547,0.5646311326767057,0.3726012418508692,0.6722613673319333,6,3
nested,scaffold,scaffold_s01,Gnn,"Molecular graph + AttentiveFP, fold ensemble",0.7762486577033997,191,0.8099624555754164,0.6837329854641685,0.45430964262003276,0.3388135150791061,0.7284391542951277,1,1
nested,scaffold,scaffold_s02,Fp,ECFP4 | ExtraTrees,0.7313287614920423,191,0.757197675848866,0.6186382583663759,0.4663778867988221,0.29134387775265824,0.7050738546779539,3,3
nested,scaffold,scaffold_s02,Desc,RDKit-desc | ExtraTrees,0.772025216775252,191,0.757197675848866,0.5569991859708237,0.5026569031577574,0.3258792460728387,0.6309007442808973,7,5
nested,scaffold,scaffold_s02,Frozen,MoLFormer-XL | SVR,0.7557653574073059,191,0.757197675848866,0.6532279581344898,0.4447248803611176,0.3028916803670286,0.6718618275066883,1,4
nested,scaffold,scaffold_s02,Ft,"ChemBERTa-ZINC (fine-tuned), fold ensemble",0.6721848011016845,191,0.757197675848866,0.5936239508461565,0.48143032305316735,0.3254535462437805,0.6480706948440828,4,1
nested,scaffold,scaffold_s02,Hyb,ECFP4+Mordred | ExtraTrees,0.7680465211688816,191,0.757197675848866,0.5813038351197739,0.4886736035411291,0.2955361507699761,0.6806728478267904,6,3
nested,scaffold,scaffold_s02,HybClm,ECFP4+ChemBERTa-ZINC | ExtraTrees,0.7313291928751221,191,0.757197675848866,0.5917755911871829,0.48252394905446033,0.2893634766706807,0.6996029357565016,5,3
nested,scaffold,scaffold_s02,Gnn,"Molecular graph + AttentiveFP, fold ensemble",0.7421876549720764,191,0.757197675848866,0.6455746438634384,0.44960567188862605,0.31028454127378946,0.6901210998744995,2,1
nested,scaffold,scaffold_s03,Fp,ECFP4 | ExtraTrees,0.7240827045970897,191,0.8301260358198322,0.5859164591251418,0.5327802731778573,0.33339695393319824,0.7494341361131001,6,3
nested,scaffold,scaffold_s03,Desc,RDKit-desc | ExtraTrees,0.7486570591153774,191,0.8301260358198322,0.6184975618654089,0.5113906824622242,0.3353282526250401,0.7503721114278158,4,5
nested,scaffold,scaffold_s03,Frozen,MoLFormer-XL | SVR,0.7426224592277213,191,0.8301260358198322,0.6562952623799063,0.4853968026263131,0.34112686935968806,0.7151523084261809,2,4
nested,scaffold,scaffold_s03,Ft,"ChemBERTa-ZINC (fine-tuned), fold ensemble",0.6642359733581543,191,0.8301260358198322,0.6391255928574724,0.4973729861530275,0.3346173714099131,0.7265268408919167,3,1
nested,scaffold,scaffold_s03,Hyb,ECFP4+Mordred | ExtraTrees,0.7553237140104412,191,0.8301260358198322,0.5859446902078513,0.5327621111177352,0.3217262499481262,0.7503066663171039,5,3
nested,scaffold,scaffold_s03,HybClm,ECFP4+ChemBERTa-ZINC | SVR,0.7297635890670321,191,0.8301260358198322,0.5053540306877246,0.5823061665641088,0.38888111768955413,0.6628487481690586,7,3
nested,scaffold,scaffold_s03,Gnn,"Molecular graph + AttentiveFP, fold ensemble",0.7299767971038819,191,0.8301260358198322,0.7042481608498639,0.45026467788310476,0.32540915210330773,0.7329662953380347,1,1
nested,scaffold,scaffold_s04,Fp,ECFP4 | ExtraTrees,0.740820625922604,191,0.7456270720794077,0.5884707752397144,0.47707002031663276,0.33025347380326625,0.661011950253399,5,3
nested,scaffold,scaffold_s04,Desc,RDKit-desc | ExtraTrees,0.768810895675049,191,0.7456270720794077,0.671981490822264,0.42592286977202926,0.29749935240034575,0.7074849497602566,1,5
nested,scaffold,scaffold_s04,Frozen,MoLFormer-XL | SVR,0.7592397271616445,191,0.7456270720794077,0.6480795586980148,0.44116802851063414,0.3249146878697781,0.6697592391846178,2,4
nested,scaffold,scaffold_s04,Ft,"ChemBERTa-ZINC (fine-tuned), fold ensemble",0.6716349005699158,191,0.7456270720794077,0.5719094437517586,0.48657479509328616,0.35311001123247804,0.6295750281822851,7,1
nested,scaffold,scaffold_s04,Hyb,ECFP4+Mordred | ExtraTrees,0.76292557752382,191,0.7456270720794077,0.5888284976830498,0.476862628295004,0.3242302828777906,0.6726319388075425,4,3
nested,scaffold,scaffold_s04,HybClm,ECFP4+ChemBERTa-ZINC | ExtraTrees,0.7332712242571937,191,0.7456270720794077,0.5932933644289571,0.47426646140486667,0.3327515269357775,0.6643565660928222,3,3
nested,scaffold,scaffold_s04,Gnn,"Molecular graph + AttentiveFP, fold ensemble",0.7649237394332886,191,0.7456270720794077,0.5818526437705895,0.48089079313598126,0.3350939942086878,0.6838807623010272,6,1
nested,scaffold,scaffold_s05,Fp,ECFP4 | ExtraTrees,0.7391803010263004,191,0.7462724374056733,0.5186824798644213,0.516384685555747,0.3402833499334369,0.6661560221399667,6,3
nested,scaffold,scaffold_s05,Desc,RDKit-desc | ExtraTrees,0.7920759548489735,191,0.7462724374056733,0.5652217597724783,0.4907851560369413,0.3330396721705692,0.6998393149626576,1,5
nested,scaffold,scaffold_s05,Frozen,MoLFormer-XL | SVR,0.769988685343009,191,0.7462724374056733,0.5439625409935781,0.5026408455133018,0.3401772064821255,0.6558636261094496,2,4
nested,scaffold,scaffold_s05,Ft,"ChemBERTa-ZINC (fine-tuned), fold ensemble",0.6772753715515136,191,0.7462724374056733,0.5293863915388037,0.5106105212535677,0.36532677586328216,0.6641097136096126,5,1
nested,scaffold,scaffold_s05,Hyb,ECFP4+Mordred | ExtraTrees,0.7695114587338406,191,0.7462724374056733,0.5353362109832092,0.5073725105131378,0.3315193916168386,0.6954777409037265,3,3
nested,scaffold,scaffold_s05,HybClm,ECFP4+ChemBERTa-ZINC | ExtraTrees,0.732314103177357,191,0.7462724374056733,0.5320895200279403,0.5091419773017443,0.33887994897250423,0.6932793009091655,4,3
nested,scaffold,scaffold_s05,Gnn,"Molecular graph + AttentiveFP, fold ensemble",0.810591995716095,191,0.7462724374056733,0.5072249680617991,0.5224946718177161,0.34890484482131,0.6844622906842107,7,1
nested,cluster,cluster_s01,Fp,ECFP4 | ExtraTrees,0.7985333027683439,191,1.094590864755833,0.32285068718395193,0.8983677585484114,0.566042572376438,0.5880932595692926,6,3
nested,cluster,cluster_s01,Desc,RDKit-desc | ExtraTrees,0.7985325945133579,191,1.094590864755833,0.4231122293545627,0.8291967713195436,0.541952702031855,0.6071102882663753,3,5
nested,cluster,cluster_s01,Frozen,MoLFormer-XL | SVR,0.7993619344225953,191,1.094590864755833,0.46375933251796453,0.7994509254989824,0.5193211238024746,0.617353340084515,1,4
nested,cluster,cluster_s01,Ft,"ChemBERTa-ZINC (fine-tuned), fold ensemble",0.723293399810791,191,1.094590864755833,0.370737797719062,0.8660196755247518,0.5678627453984176,0.5889948547986824,5,1
nested,cluster,cluster_s01,Hyb,ECFP4+Mordred | ExtraTrees,0.8128576288195741,191,1.094590864755833,0.39107015905601794,0.8519136263680086,0.5394371771679554,0.6406828701271415,4,3
nested,cluster,cluster_s01,HybClm,ECFP4+ChemBERTa-ZINC | ExtraTrees,0.7973108909290313,191,1.094590864755833,0.3110583716614116,0.9061563741232183,0.5634838783276727,0.5973124367668549,7,3
nested,cluster,cluster_s01,Gnn,"Molecular graph + AttentiveFP, fold ensemble",0.7928333163261414,191,1.094590864755833,0.456890474704318,0.8045548292593288,0.5396900120529093,0.5604994510396187,2,1
nested,cluster,cluster_s02,Fp,ECFP4 | ExtraTrees,0.783695520058356,191,1.0407073695316333,0.46001986747385204,0.7627419580192566,0.5037315927986511,0.6525795580704643,4,3
nested,cluster,cluster_s02,Desc,RDKit-desc | ExtraTrees,0.796693758928052,191,1.0407073695316333,0.4947369166505624,0.7378150857441041,0.5087603199218005,0.6242701445766102,1,5
nested,cluster,cluster_s02,Frozen,MoLFormer-XL | SVR,0.7960417082009819,191,1.0407073695316333,0.4619447214265967,0.7613812805552935,0.5133130000389103,0.6258571939779539,3,4
nested,cluster,cluster_s02,Ft,"ChemBERTa-ZINC (fine-tuned), fold ensemble",0.7156098008155822,191,1.0407073695316333,0.3486958307377357,0.837684878676377,0.5768893922632352,0.6043265395114342,7,1
nested,cluster,cluster_s02,Hyb,ECFP4+Mordred | ExtraTrees,0.8022469204217412,191,1.0407073695316333,0.4811182706914252,0.747692348199332,0.49992939462677943,0.6563684985837103,2,3
nested,cluster,cluster_s02,HybClm,ECFP4+ChemBERTa-ZINC | ExtraTrees,0.7857855492247825,191,1.0407073695316333,0.4233067354936527,0.7882449305220076,0.5148027935130068,0.6625565273401159,6,3
nested,cluster,cluster_s02,Gnn,"Molecular graph + AttentiveFP, fold ensemble",0.7908052444458008,191,1.0407073695316333,0.4261060891243714,0.7863294750067137,0.5253778711559497,0.6299940281201433,5,1
nested,cluster,cluster_s03,Fp,ECFP4 | ExtraTrees,0.7915995764821107,191,1.0626319494385972,0.340561301614828,0.8606571896724641,0.5472656173556063,0.6121304391651363,6,3
nested,cluster,cluster_s03,Desc,RDKit-desc | ExtraTrees,0.7916182726928908,191,1.0626319494385972,0.4463981243962968,0.7885727449347807,0.533237958260303,0.5775934596157835,3,5
nested,cluster,cluster_s03,Frozen,MoLFormer-XL | SVR,0.7978005278179463,191,1.0626319494385972,0.511137743432274,0.7410307677046155,0.5161683248766927,0.5953979972067881,1,4
nested,cluster,cluster_s03,Ft,"ChemBERTa-ZINC (fine-tuned), fold ensemble",0.7387482047080993,191,1.0626319494385972,0.36787149137095665,0.8426469920787647,0.5612965615949318,0.5932968619909798,5,1
nested,cluster,cluster_s03,Hyb,ECFP4+Mordred | ExtraTrees,0.813178262477939,191,1.0626319494385972,0.4063053147150516,0.8166285644873991,0.5281150718533836,0.6438446641089893,4,3
nested,cluster,cluster_s03,HybClm,ECFP4+ChemBERTa-ZINC | ExtraTrees,0.7908306526511054,191,1.0626319494385972,0.32945917624096765,0.867871842237978,0.554099438354514,0.6102566398907106,7,3
nested,cluster,cluster_s03,Gnn,"Molecular graph + AttentiveFP, fold ensemble",0.813697624206543,191,1.0626319494385972,0.4947360854772609,0.753359254211281,0.5179117695091602,0.6179714228408851,2,1
nested,cluster,cluster_s04,Fp,ECFP4 | ExtraTrees,0.7591211559831954,191,0.9595443918019324,0.257046138951622,0.824909129990834,0.5312494729655796,0.5800161805047422,6,3
nested,cluster,cluster_s04,Desc,RDKit-desc | ExtraTrees,0.7986458862304279,191,0.9595443918019324,0.27139594557499624,0.8169039201258231,0.5550158689606333,0.528714787078237,4,5
nested,cluster,cluster_s04,Frozen,MoLFormer-XL | SVR,0.784611536592065,191,0.9595443918019324,0.382566573298431,0.7520041844335222,0.5006788639531959,0.5919806212981601,1,4
nested,cluster,cluster_s04,Ft,"ChemBERTa-ZINC (fine-tuned), fold ensemble",0.7189419507980347,191,0.9595443918019324,0.26825987189839173,0.8186601003626794,0.5529998163993601,0.6105231794962791,5,1
nested,cluster,cluster_s04,Hyb,ECFP4+Mordred | ExtraTrees,0.7926599389182568,191,0.9595443918019324,0.3124145474990334,0.793576005637829,0.5208447996533401,0.6145739013540764,3,3
nested,cluster,cluster_s04,HybClm,ECFP4+ChemBERTa-ZINC | ExtraTrees,0.7588358953858363,191,0.9595443918019324,0.23437287617321279,0.8374017106164143,0.5423881209449972,0.587957455371368,7,3
nested,cluster,cluster_s04,Gnn,"Molecular graph + AttentiveFP, fold ensemble",0.7889186024665833,191,0.9595443918019324,0.3668547750599228,0.7615121838869454,0.5258817418159583,0.5443855005918844,2,1
nested,cluster,cluster_s05,Fp,ECFP4 | ExtraTrees,0.7748758335020531,191,0.9729586400721796,0.3750610984079278,0.7671376110692708,0.47601557142876955,0.6734210243114239,6,3
nested,cluster,cluster_s05,Desc,RDKit-desc | ExtraTrees,0.7847885272557281,191,0.9729586400721796,0.46476341408382904,0.7099493923543907,0.4950917514196142,0.6044520031917558,2,5
nested,cluster,cluster_s05,Frozen,MoLFormer-XL | SVR,0.7681955812833338,191,0.9729586400721796,0.5377715745913614,0.6597551981400275,0.45519111953911684,0.6780702245439699,1,4
nested,cluster,cluster_s05,Ft,"ChemBERTa-ZINC (fine-tuned), fold ensemble",0.7003052473068238,191,0.9729586400721796,0.4044663259317407,0.7488721117336418,0.5067419599021519,0.6484062775888394,4,1
nested,cluster,cluster_s05,Hyb,ECFP4+Mordred | ExtraTrees,0.7990032507101941,191,0.9729586400721796,0.379777897741827,0.7642370973625167,0.5002367677838483,0.644908398102897,5,3
nested,cluster,cluster_s05,HybClm,ECFP4+ChemBERTa-ZINC | ExtraTrees,0.7750029672995936,191,0.9729586400721796,0.343338712044605,0.7863668605686138,0.5005618638686342,0.6313784418047372,7,3
nested,cluster,cluster_s05,Gnn,"Molecular graph + AttentiveFP, fold ensemble",0.7968544840812684,191,0.9729586400721796,0.4402148812039204,0.7260477275146294,0.4976462253911813,0.5743678284697272,3,1
fixed,scaffold,scaffold_s01,Fp,ECFP4 | ExtraTrees,0.7438333557983142,191,0.8099624555754164,0.5338883558349753,0.5515310679262903,0.34519970518031057,0.7325808541939739,4,1
fixed,scaffold,scaffold_s01,Desc,RDKit-desc | ExtraTrees,0.7793076733735763,191,0.8099624555754164,0.5274694789687832,0.555315681660432,0.3584468009702736,0.7020328905036817,5,1
fixed,scaffold,scaffold_s01,Frozen,MoLFormer-XL | SVR,0.7742389072719746,191,0.8099624555754164,0.5655131980189485,0.5324922601481867,0.3574780520788061,0.6654034027196691,2,1
fixed,scaffold,scaffold_s01,Ft,"ChemBERTa-ZINC (fine-tuned), fold ensemble",0.6900455951690674,191,0.8099624555754164,0.5107826176275172,0.5650357738711892,0.38216597688588394,0.6577532071376309,6,1
fixed,scaffold,scaffold_s01,Hyb,ECFP4+Mordred | ExtraTrees,0.7774075232296899,191,0.8099624555754164,0.5465437176197606,0.5439922553298135,0.3336990228008418,0.7479995091629803,3,1
fixed,scaffold,scaffold_s01,HybClm,ECFP4+ChemBERTa-ZINC | ExtraTrees,0.7329991049098484,191,0.8099624555754164,0.5090733013554576,0.5660220252847141,0.3511285154334329,0.7122010027766116,7,1
fixed,scaffold,scaffold_s01,Gnn,"Molecular graph + AttentiveFP, fold ensemble",0.7762486577033997,191,0.8099624555754164,0.6837329854641685,0.45430964262003276,0.3388135150791061,0.7284391542951277,1,1
fixed,scaffold,scaffold_s02,Fp,ECFP4 | ExtraTrees,0.7313287614920423,191,0.757197675848866,0.6186382583663759,0.4663778867988221,0.29134387775265824,0.7050738546779539,3,1
fixed,scaffold,scaffold_s02,Desc,RDKit-desc | ExtraTrees,0.772025216775252,191,0.757197675848866,0.5569991859708237,0.5026569031577574,0.3258792460728387,0.6309007442808973,7,1
fixed,scaffold,scaffold_s02,Frozen,MoLFormer-XL | SVR,0.7557653574073059,191,0.757197675848866,0.6532279581344898,0.4447248803611176,0.3028916803670286,0.6718618275066883,1,1
fixed,scaffold,scaffold_s02,Ft,"ChemBERTa-ZINC (fine-tuned), fold ensemble",0.6721848011016845,191,0.757197675848866,0.5936239508461565,0.48143032305316735,0.3254535462437805,0.6480706948440828,4,1
fixed,scaffold,scaffold_s02,Hyb,ECFP4+Mordred | ExtraTrees,0.7680465211688816,191,0.757197675848866,0.5813038351197739,0.4886736035411291,0.2955361507699761,0.6806728478267904,6,1
fixed,scaffold,scaffold_s02,HybClm,ECFP4+ChemBERTa-ZINC | ExtraTrees,0.7313291928751221,191,0.757197675848866,0.5917755911871829,0.48252394905446033,0.2893634766706807,0.6996029357565016,5,1
fixed,scaffold,scaffold_s02,Gnn,"Molecular graph + AttentiveFP, fold ensemble",0.7421876549720764,191,0.757197675848866,0.6455746438634384,0.44960567188862605,0.31028454127378946,0.6901210998744995,2,1
fixed,scaffold,scaffold_s03,Fp,ECFP4 | ExtraTrees,0.7240827045970897,191,0.8301260358198322,0.5859164591251418,0.5327802731778573,0.33339695393319824,0.7494341361131001,6,1
fixed,scaffold,scaffold_s03,Desc,RDKit-desc | ExtraTrees,0.7486570591153774,191,0.8301260358198322,0.6184975618654089,0.5113906824622242,0.3353282526250401,0.7503721114278158,4,1
fixed,scaffold,scaffold_s03,Frozen,MoLFormer-XL | SVR,0.7426224592277213,191,0.8301260358198322,0.6562952623799063,0.4853968026263131,0.34112686935968806,0.7151523084261809,2,1
fixed,scaffold,scaffold_s03,Ft,"ChemBERTa-ZINC (fine-tuned), fold ensemble",0.6642359733581543,191,0.8301260358198322,0.6391255928574724,0.4973729861530275,0.3346173714099131,0.7265268408919167,3,1
fixed,scaffold,scaffold_s03,Hyb,ECFP4+Mordred | ExtraTrees,0.7553237140104412,191,0.8301260358198322,0.5859446902078513,0.5327621111177352,0.3217262499481262,0.7503066663171039,5,1
fixed,scaffold,scaffold_s03,HybClm,ECFP4+ChemBERTa-ZINC | ExtraTrees,0.7257711823923539,191,0.8301260358198322,0.5720132538307008,0.5416507041055055,0.3345382142956083,0.7326881536175084,7,1
fixed,scaffold,scaffold_s03,Gnn,"Molecular graph + AttentiveFP, fold ensemble",0.7299767971038819,191,0.8301260358198322,0.7042481608498639,0.45026467788310476,0.32540915210330773,0.7329662953380347,1,1
fixed,scaffold,scaffold_s04,Fp,ECFP4 | ExtraTrees,0.740820625922604,191,0.7456270720794077,0.5884707752397144,0.47707002031663276,0.33025347380326625,0.661011950253399,5,1
fixed,scaffold,scaffold_s04,Desc,RDKit-desc | ExtraTrees,0.768810895675049,191,0.7456270720794077,0.671981490822264,0.42592286977202926,0.29749935240034575,0.7074849497602566,1,1
fixed,scaffold,scaffold_s04,Frozen,MoLFormer-XL | SVR,0.7592397271616445,191,0.7456270720794077,0.6480795586980148,0.44116802851063414,0.3249146878697781,0.6697592391846178,2,1
fixed,scaffold,scaffold_s04,Ft,"ChemBERTa-ZINC (fine-tuned), fold ensemble",0.6716349005699158,191,0.7456270720794077,0.5719094437517586,0.48657479509328616,0.35311001123247804,0.6295750281822851,7,1
fixed,scaffold,scaffold_s04,Hyb,ECFP4+Mordred | ExtraTrees,0.76292557752382,191,0.7456270720794077,0.5888284976830498,0.476862628295004,0.3242302828777906,0.6726319388075425,4,1
fixed,scaffold,scaffold_s04,HybClm,ECFP4+ChemBERTa-ZINC | ExtraTrees,0.7332712242571937,191,0.7456270720794077,0.5932933644289571,0.47426646140486667,0.3327515269357775,0.6643565660928222,3,1
fixed,scaffold,scaffold_s04,Gnn,"Molecular graph + AttentiveFP, fold ensemble",0.7649237394332886,191,0.7456270720794077,0.5818526437705895,0.48089079313598126,0.3350939942086878,0.6838807623010272,6,1
fixed,scaffold,scaffold_s05,Fp,ECFP4 | ExtraTrees,0.7391803010263004,191,0.7462724374056733,0.5186824798644213,0.516384685555747,0.3402833499334369,0.6661560221399667,6,1
fixed,scaffold,scaffold_s05,Desc,RDKit-desc | ExtraTrees,0.7920759548489735,191,0.7462724374056733,0.5652217597724783,0.4907851560369413,0.3330396721705692,0.6998393149626576,1,1
fixed,scaffold,scaffold_s05,Frozen,MoLFormer-XL | SVR,0.769988685343009,191,0.7462724374056733,0.5439625409935781,0.5026408455133018,0.3401772064821255,0.6558636261094496,2,1
fixed,scaffold,scaffold_s05,Ft,"ChemBERTa-ZINC (fine-tuned), fold ensemble",0.6772753715515136,191,0.7462724374056733,0.5293863915388037,0.5106105212535677,0.36532677586328216,0.6641097136096126,5,1
fixed,scaffold,scaffold_s05,Hyb,ECFP4+Mordred | ExtraTrees,0.7695114587338406,191,0.7462724374056733,0.5353362109832092,0.5073725105131378,0.3315193916168386,0.6954777409037265,3,1
fixed,scaffold,scaffold_s05,HybClm,ECFP4+ChemBERTa-ZINC | ExtraTrees,0.732314103177357,191,0.7462724374056733,0.5320895200279403,0.5091419773017443,0.33887994897250423,0.6932793009091655,4,1
fixed,scaffold,scaffold_s05,Gnn,"Molecular graph + AttentiveFP, fold ensemble",0.810591995716095,191,0.7462724374056733,0.5072249680617991,0.5224946718177161,0.34890484482131,0.6844622906842107,7,1
fixed,cluster,cluster_s01,Fp,ECFP4 | ExtraTrees,0.7985333027683439,191,1.094590864755833,0.32285068718395193,0.8983677585484114,0.566042572376438,0.5880932595692926,6,1
fixed,cluster,cluster_s01,Desc,RDKit-desc | ExtraTrees,0.7985325945133579,191,1.094590864755833,0.4231122293545627,0.8291967713195436,0.541952702031855,0.6071102882663753,3,1
fixed,cluster,cluster_s01,Frozen,MoLFormer-XL | SVR,0.7993619344225953,191,1.094590864755833,0.46375933251796453,0.7994509254989824,0.5193211238024746,0.617353340084515,1,1
fixed,cluster,cluster_s01,Ft,"ChemBERTa-ZINC (fine-tuned), fold ensemble",0.723293399810791,191,1.094590864755833,0.370737797719062,0.8660196755247518,0.5678627453984176,0.5889948547986824,5,1
fixed,cluster,cluster_s01,Hyb,ECFP4+Mordred | ExtraTrees,0.8128576288195741,191,1.094590864755833,0.39107015905601794,0.8519136263680086,0.5394371771679554,0.6406828701271415,4,1
fixed,cluster,cluster_s01,HybClm,ECFP4+ChemBERTa-ZINC | ExtraTrees,0.7973108909290313,191,1.094590864755833,0.3110583716614116,0.9061563741232183,0.5634838783276727,0.5973124367668549,7,1
fixed,cluster,cluster_s01,Gnn,"Molecular graph + AttentiveFP, fold ensemble",0.7928333163261414,191,1.094590864755833,0.456890474704318,0.8045548292593288,0.5396900120529093,0.5604994510396187,2,1
fixed,cluster,cluster_s02,Fp,ECFP4 | ExtraTrees,0.783695520058356,191,1.0407073695316333,0.46001986747385204,0.7627419580192566,0.5037315927986511,0.6525795580704643,4,1
fixed,cluster,cluster_s02,Desc,RDKit-desc | ExtraTrees,0.796693758928052,191,1.0407073695316333,0.4947369166505624,0.7378150857441041,0.5087603199218005,0.6242701445766102,1,1
fixed,cluster,cluster_s02,Frozen,MoLFormer-XL | SVR,0.7960417082009819,191,1.0407073695316333,0.4619447214265967,0.7613812805552935,0.5133130000389103,0.6258571939779539,3,1
fixed,cluster,cluster_s02,Ft,"ChemBERTa-ZINC (fine-tuned), fold ensemble",0.7156098008155822,191,1.0407073695316333,0.3486958307377357,0.837684878676377,0.5768893922632352,0.6043265395114342,7,1
fixed,cluster,cluster_s02,Hyb,ECFP4+Mordred | ExtraTrees,0.8022469204217412,191,1.0407073695316333,0.4811182706914252,0.747692348199332,0.49992939462677943,0.6563684985837103,2,1
fixed,cluster,cluster_s02,HybClm,ECFP4+ChemBERTa-ZINC | ExtraTrees,0.7857855492247825,191,1.0407073695316333,0.4233067354936527,0.7882449305220076,0.5148027935130068,0.6625565273401159,6,1
fixed,cluster,cluster_s02,Gnn,"Molecular graph + AttentiveFP, fold ensemble",0.7908052444458008,191,1.0407073695316333,0.4261060891243714,0.7863294750067137,0.5253778711559497,0.6299940281201433,5,1
fixed,cluster,cluster_s03,Fp,ECFP4 | ExtraTrees,0.7915995764821107,191,1.0626319494385972,0.340561301614828,0.8606571896724641,0.5472656173556063,0.6121304391651363,6,1
fixed,cluster,cluster_s03,Desc,RDKit-desc | ExtraTrees,0.7916182726928908,191,1.0626319494385972,0.4463981243962968,0.7885727449347807,0.533237958260303,0.5775934596157835,3,1
fixed,cluster,cluster_s03,Frozen,MoLFormer-XL | SVR,0.7978005278179463,191,1.0626319494385972,0.511137743432274,0.7410307677046155,0.5161683248766927,0.5953979972067881,1,1
fixed,cluster,cluster_s03,Ft,"ChemBERTa-ZINC (fine-tuned), fold ensemble",0.7387482047080993,191,1.0626319494385972,0.36787149137095665,0.8426469920787647,0.5612965615949318,0.5932968619909798,5,1
fixed,cluster,cluster_s03,Hyb,ECFP4+Mordred | ExtraTrees,0.813178262477939,191,1.0626319494385972,0.4063053147150516,0.8166285644873991,0.5281150718533836,0.6438446641089893,4,1
fixed,cluster,cluster_s03,HybClm,ECFP4+ChemBERTa-ZINC | ExtraTrees,0.7908306526511054,191,1.0626319494385972,0.32945917624096765,0.867871842237978,0.554099438354514,0.6102566398907106,7,1
fixed,cluster,cluster_s03,Gnn,"Molecular graph + AttentiveFP, fold ensemble",0.813697624206543,191,1.0626319494385972,0.4947360854772609,0.753359254211281,0.5179117695091602,0.6179714228408851,2,1
fixed,cluster,cluster_s04,Fp,ECFP4 | ExtraTrees,0.7591211559831954,191,0.9595443918019324,0.257046138951622,0.824909129990834,0.5312494729655796,0.5800161805047422,6,1
fixed,cluster,cluster_s04,Desc,RDKit-desc | ExtraTrees,0.7986458862304279,191,0.9595443918019324,0.27139594557499624,0.8169039201258231,0.5550158689606333,0.528714787078237,4,1
fixed,cluster,cluster_s04,Frozen,MoLFormer-XL | SVR,0.784611536592065,191,0.9595443918019324,0.382566573298431,0.7520041844335222,0.5006788639531959,0.5919806212981601,1,1
fixed,cluster,cluster_s04,Ft,"ChemBERTa-ZINC (fine-tuned), fold ensemble",0.7189419507980347,191,0.9595443918019324,0.26825987189839173,0.8186601003626794,0.5529998163993601,0.6105231794962791,5,1
fixed,cluster,cluster_s04,Hyb,ECFP4+Mordred | ExtraTrees,0.7926599389182568,191,0.9595443918019324,0.3124145474990334,0.793576005637829,0.5208447996533401,0.6145739013540764,3,1
fixed,cluster,cluster_s04,HybClm,ECFP4+ChemBERTa-ZINC | ExtraTrees,0.7588358953858363,191,0.9595443918019324,0.23437287617321279,0.8374017106164143,0.5423881209449972,0.587957455371368,7,1
fixed,cluster,cluster_s04,Gnn,"Molecular graph + AttentiveFP, fold ensemble",0.7889186024665833,191,0.9595443918019324,0.3668547750599228,0.7615121838869454,0.5258817418159583,0.5443855005918844,2,1
fixed,cluster,cluster_s05,Fp,ECFP4 | ExtraTrees,0.7748758335020531,191,0.9729586400721796,0.3750610984079278,0.7671376110692708,0.47601557142876955,0.6734210243114239,6,1
fixed,cluster,cluster_s05,Desc,RDKit-desc | ExtraTrees,0.7847885272557281,191,0.9729586400721796,0.46476341408382904,0.7099493923543907,0.4950917514196142,0.6044520031917558,2,1
fixed,cluster,cluster_s05,Frozen,MoLFormer-XL | SVR,0.7681955812833338,191,0.9729586400721796,0.5377715745913614,0.6597551981400275,0.45519111953911684,0.6780702245439699,1,1
fixed,cluster,cluster_s05,Ft,"ChemBERTa-ZINC (fine-tuned), fold ensemble",0.7003052473068238,191,0.9729586400721796,0.4044663259317407,0.7488721117336418,0.5067419599021519,0.6484062775888394,4,1
fixed,cluster,cluster_s05,Hyb,ECFP4+Mordred | ExtraTrees,0.7990032507101941,191,0.9729586400721796,0.379777897741827,0.7642370973625167,0.5002367677838483,0.644908398102897,5,1
fixed,cluster,cluster_s05,HybClm,ECFP4+ChemBERTa-ZINC | ExtraTrees,0.7750029672995936,191,0.9729586400721796,0.343338712044605,0.7863668605686138,0.5005618638686342,0.6313784418047372,7,1
fixed,cluster,cluster_s05,Gnn,"Molecular graph + AttentiveFP, fold ensemble",0.7968544840812684,191,0.9729586400721796,0.4402148812039204,0.7260477275146294,0.4976462253911813,0.5743678284697272,3,1
