split,model,r2,r2_lo,r2_hi,rmse,rmse_lo,rmse_hi,mae,mae_lo,mae_hi
stratified,ECFP4 | Ridge,0.7140484892970195,0.5666607057778585,0.8040791933091944,0.43236551911970084,0.37996119428778996,0.4877385742710309,0.3258954895023914,0.28790267751431453,0.3686388748586241
stratified,ECFP4 | SVR,0.7285855678224276,0.5841178148025385,0.8190486682899317,0.42123196775199,0.365962703080004,0.47665983330233436,0.31302775276611733,0.2750056280475864,0.35459629888806093
stratified,ECFP4 | ExtraTrees,0.7983205394950098,0.6870931130583562,0.8658377419835748,0.3631078932841713,0.30958126209647047,0.41411617576719223,0.2517354552907185,0.21658483531760717,0.29006289702985577
stratified,ECFP4 | CatBoost,0.7536302607469293,0.6343119223918725,0.8283814711359613,0.40132714561003974,0.3553011372985034,0.45141718125586533,0.3028567006666481,0.26685853440836754,0.3430224053024634
stratified,ECFP6 | Ridge,0.703192135778754,0.5587826406267162,0.7909857468229091,0.4404965955165725,0.39059587745023383,0.4893625028093786,0.33633095303004756,0.29559097312520305,0.37786961252778845
stratified,ECFP6 | SVR,0.7462624046200316,0.622035726306837,0.8277214629604871,0.4072839201824514,0.35516207386751014,0.45653498033124856,0.29931539846798744,0.2626030360915286,0.33886693036182486
stratified,ECFP4-count | Ridge,0.6980731785061267,0.5412023037470601,0.7915655818420786,0.44427891421856075,0.38874958896764317,0.5011028934078915,0.32498998304803034,0.2851884883401119,0.3709056995509793
stratified,ECFP4-count | SVR,0.7264966720543193,0.5758453682567733,0.8192689059884156,0.42284983149680444,0.36666089490898207,0.4808042119001917,0.3140672656533186,0.273783204643859,0.356405209452055
stratified,MACCS | Ridge,0.2751311097519238,-0.023035702882213148,0.46559529683858575,0.6883900507911552,0.6041533360371203,0.76994872259809,0.5134703423146625,0.4500650579627903,0.577860515451368
stratified,MACCS | SVR,0.6593328708411923,0.4658550098419324,0.7758758796297693,0.4719217239275563,0.40018993361820526,0.5410758200383662,0.3287148146670489,0.2797836206748113,0.37884737726086765
stratified,RDKit-desc | Ridge,0.4817133666276333,0.25018130170204,0.6231344747502922,0.5820896249259891,0.5168735264999034,0.6474813572465998,0.4428385014221327,0.3914537113901869,0.4953701509722377
stratified,RDKit-desc | SVR,0.7396295449680663,0.6025144365634755,0.8246516071744513,0.41257290717489087,0.3597366793884337,0.46664976020284615,0.303073570234304,0.26524439498845975,0.3444543217550011
stratified,RDKit-desc | ExtraTrees,0.7760926983357355,0.6510765147305491,0.8539245476918769,0.3825947289606013,0.3233863429056881,0.44169405925194194,0.2622711371686207,0.22525624005375322,0.3025150606743434
stratified,RDKit-desc | CatBoost,0.744929275621764,0.6099793222743253,0.827203459606001,0.4083524466949414,0.35593237049290044,0.4629574512073903,0.2973228976869399,0.26024133958528495,0.3376234302792218
stratified,Mordred | Ridge,0.4996427405873559,0.24431809378803376,0.6455180668307836,0.5719327381934471,0.5004979058654819,0.6463043917928728,0.4208482702045957,0.3697803646383806,0.4772167904472457
stratified,Mordred | SVR,0.6952681114369589,0.536609993862512,0.7921520973268709,0.4463379412497653,0.38791300035772064,0.5030900960267555,0.3190932444722661,0.27835496404051197,0.36445187052967315
stratified,Mordred | ExtraTrees,0.7610716826025702,0.6405744966844392,0.8351557387653782,0.39521977505356043,0.3435157496598861,0.44868982912161565,0.2829735062033289,0.24532820256522705,0.32328774975667335
stratified,Mordred | CatBoost,0.7350457956798899,0.6082488290476117,0.8137044229347099,0.41618867846006086,0.36680814176355103,0.46594816510623427,0.30677435515056295,0.2692573467755918,0.34810287214691715
stratified,ChemBERTa-ZINC | Ridge,0.5135855278135678,0.28301082317561005,0.657178127621187,0.5639077953918493,0.49462447801241416,0.6329155162968445,0.41755040195609344,0.36703611186411167,0.4729827744978301
stratified,ChemBERTa-ZINC | SVR,0.6734672290304117,0.4801259167148389,0.7956733715352988,0.46202794207573805,0.3825228066928527,0.5397481299549054,0.3117165885835577,0.2640870096956687,0.36337668922351274
stratified,ChemBERTa-ZINC | ExtraTrees,0.6965822351827085,0.549532756729746,0.7886750623520811,0.4453745090856993,0.38497977177287357,0.5048753158157262,0.31842991033551593,0.2752453631357107,0.3666500928920662
stratified,ChemBERTa-ZINC | CatBoost,0.6999220476041006,0.5511944359723857,0.794680577829321,0.44291653953534005,0.38066508309313446,0.5077309698174427,0.3216392303110334,0.27949257468419386,0.3695646962764052
stratified,ChemBERTa-MTR | Ridge,0.40416460945826693,0.09266024558859498,0.5895168455448345,0.6241198592903908,0.5407999519080872,0.7092242998474753,0.46396093516824816,0.4070846051695457,0.5253122349090694
stratified,ChemBERTa-MTR | SVR,0.7091034209049212,0.5502946918644259,0.8075841038966566,0.436088025228037,0.3762216155822688,0.49633516950532997,0.31713968559990485,0.27555910379237597,0.36205877906832773
stratified,ChemBERTa-MLM | Ridge,0.46581544717371304,0.24442564348005416,0.6173886810596343,0.5909497005564186,0.5210563212458305,0.6546979042216409,0.45742499434055633,0.40378376381371056,0.5121754875557077
stratified,ChemBERTa-MLM | SVR,0.7140009300325753,0.5603668246584774,0.8079925900058106,0.4324014729971176,0.3687488745550611,0.4949062949556695,0.30653107365156956,0.26468396922651016,0.35037216155109996
stratified,MoLFormer-XL | Ridge,0.5438348914800875,0.3282918996491449,0.6772873559130675,0.5460920901917746,0.477376737050407,0.6108597243234629,0.41214654883343244,0.3625263147308967,0.4630491953604605
stratified,MoLFormer-XL | SVR,0.7253981460965595,0.5486425353402374,0.8335296071128225,0.42369816856534875,0.34541022012924644,0.5117346913419103,0.2933481224974736,0.2507802834964741,0.33902340262269054
stratified,MoLFormer-XL | ExtraTrees,0.6856282426068514,0.5341484535848967,0.7808539876452717,0.45334268839621134,0.39552055741977454,0.5094228749625193,0.3268417530962877,0.2832496073411752,0.3726314141699671
stratified,MoLFormer-XL | CatBoost,0.666187421966357,0.4932521515336549,0.7723081756687817,0.4671498381502266,0.4068183037361324,0.5318912601789716,0.33985172592549934,0.29668627423882643,0.3860194934373689
stratified,ChemBERTa-MTR-199 | Ridge,0.4215543032398673,0.17607824048561962,0.5772455379637212,0.614944825678506,0.5458620241354616,0.6803540672982744,0.468760119287808,0.41415742129883837,0.5262020266666031
stratified,ChemBERTa-MTR-199 | SVR,0.7438879272887489,0.5928740158011807,0.836939464569534,0.4091851647724838,0.34411338136262337,0.4738050464129711,0.2922684909030045,0.2533628217320775,0.33520873606172763
stratified,MoLFormer-XL+Mordred | Ridge,0.5812535637186844,0.3723423486281115,0.7083998366066742,0.5232152771745916,0.4619783218264397,0.5864686715030388,0.3911224199880035,0.3448540651277788,0.44242954929208567
stratified,MoLFormer-XL+Mordred | SVR,0.7298079095822207,0.5900768375052784,0.8170971017745323,0.42028236746072173,0.36576883329962406,0.4734593776058884,0.30778482856318296,0.2683911263212763,0.3491207816505528
stratified,ECFP4+Mordred | Ridge,0.7059545399196365,0.5466754017666097,0.8006527393949544,0.4384419428421412,0.38288438121731155,0.49858555803008686,0.3249516449886158,0.2867544727517217,0.3694592552655092
stratified,ECFP4+Mordred | SVR,0.7492977707155977,0.612763745738043,0.831186138868897,0.4048404996561421,0.3505122970072769,0.460140919688619,0.29239501620866837,0.25496230980988216,0.33318902160920333
stratified,ECFP4+ChemBERTa-ZINC | Ridge,0.7244779111699033,0.5674712130853561,0.8164582328356645,0.42440751509341146,0.3668718304638784,0.4870868396325707,0.31350430805924934,0.27571845228167846,0.3562343350028661
stratified,ECFP4+ChemBERTa-ZINC | SVR,0.7343694054870269,0.577287118149365,0.8297455648809999,0.41671957493907724,0.35294411624733507,0.4851623641445367,0.2949342400080765,0.25511586944017905,0.3374442984866374
stratified,ECFP4+ChemBERTa-ZINC | ExtraTrees,0.7673866952800557,0.6435390268725879,0.8460002746584426,0.38996185711386777,0.33300072144291004,0.4489939602056537,0.27082993663252125,0.23232148745510983,0.31251644457348954
stratified,ECFP4+ChemBERTa-ZINC | CatBoost,0.7101169877956985,0.5585315468594612,0.8013361383023694,0.4353276345853247,0.3759087421797137,0.4973697854783032,0.31687101708281523,0.276280109782614,0.3623072343246052
stratified,ChemBERTa-ZINC+Mordred | Ridge,0.5908255649351744,0.37659061578025566,0.719920677941163,0.5172006952764321,0.4506296462181333,0.5862363801665134,0.378147109527766,0.3312398075792797,0.4301374020216835
stratified,ChemBERTa-ZINC+Mordred | SVR,0.6967160076317306,0.5354645803982817,0.7960772259222316,0.4452763187125093,0.38360154561519316,0.5049166572885597,0.31137351699063825,0.2674149919935081,0.35747376984500084
stratified,ChemBERTa-ZINC+Mordred | ExtraTrees,0.7550169398865001,0.6311346233909589,0.8316277955010536,0.4001961275134266,0.3466440716527412,0.454924998590082,0.2860939824713394,0.2476314604800219,0.32838548124612527
stratified,ChemBERTa-ZINC+Mordred | CatBoost,0.7341800436036837,0.6015138588610837,0.8171026903646019,0.4168680833314778,0.3616032545941985,0.47551848092158244,0.3022088673584598,0.2646483599797826,0.3466274635898314
stratified,ECFP4+Mordred | ExtraTrees,0.8136725252230776,0.7143994442061666,0.8745762882747048,0.3490143658350286,0.2993690018150649,0.4002818005458899,0.25023988708636385,0.2174146281443442,0.2861899769878284
stratified,ECFP4+Mordred | CatBoost,0.7593880423105027,0.6340577842959534,0.8332184150118349,0.3966098150355812,0.3473002021598548,0.45009549013091926,0.2957983485643758,0.26102768705014673,0.33500118760923714
stratified,Mordred | Ensemble mean (reproduced reference workflow),0.7463411047901803,0.6247387723274026,0.8213407905709297,0.407220752957276,0.3557729951527393,0.4596965555150189,0.2988073934946813,0.26143947445291116,0.3388521120713465
stratified,ChemBERTa-ZINC (fine-tuned) | fold ensemble (3-seed mean),0.7379846916309796,0.5918557802761211,0.8250097535221461,0.4138740408245893,0.3605489295008102,0.4721008303377901,0.2929445784224331,0.2528974005894809,0.33648261559340187
stratified,ChemBERTa-ZINC (fine-tuned) | fold ensemble (single seed),0.7250202545395212,0.5734518987442855,0.8164799585423721,0.4239896030767495,0.365620572918973,0.48471205219173885,0.2999975981233614,0.257179957046676,0.34602553677852743
stratified,ChemBERTa-MTR (fine-tuned) | fold ensemble,0.6386470520150678,0.4579074189129626,0.7479263679708966,0.48603848150580614,0.42356873504400133,0.5459941788938305,0.36153037709067365,0.3166008807790062,0.4092169074817048
stratified,"Molecular graph | AttentiveFP, fold ensemble",0.7786347829042459,0.6563807211347217,0.8521509831353064,0.3804166748044901,0.3275337848933651,0.4367757692918554,0.2729740932018721,0.238223249190612,0.31351612497782194
scaffold,ECFP4 | Ridge,0.42503361043193,0.09868237427361048,0.61650874718657,0.5335292830142389,0.46287913211281695,0.6051222041484479,0.39773738813754606,0.345279104438803,0.4514790106158242
scaffold,ECFP4 | SVR,0.4832523880476486,0.2834498340683072,0.6381700409397144,0.5057970254248381,0.4234122476700268,0.5864833382876539,0.3661630352018978,0.31915779905641717,0.4174437316583562
scaffold,ECFP4 | ExtraTrees,0.5552867663299214,0.2961130420729348,0.7183945122215661,0.4692205869457727,0.3920763889801512,0.5466283106916727,0.31751283885389986,0.26830063654354636,0.36913518208164653
scaffold,RDKit-desc | Ridge,-0.04240001990021458,-0.6664170539305084,0.3319288634577247,0.7183800072890547,0.5987606509458389,0.847976583838917,0.5216704648382006,0.4525989492123739,0.5911783104713838
scaffold,RDKit-desc | SVR,0.4870771888348362,0.2387334353893823,0.645172500091272,0.5039216747714816,0.44658937725441755,0.5592937131955704,0.38450079082964234,0.3374333148930809,0.4301853857294487
scaffold,RDKit-desc | ExtraTrees,0.4993457238186233,0.275014187655751,0.6490840839299916,0.49785858077098527,0.4189764658710926,0.5788894051852786,0.3427881880097966,0.29230525637077026,0.3961672654282037
scaffold,Mordred | Ridge,0.3050605235138176,-0.023459740572476812,0.5016558835021083,0.5865574067016066,0.5242171188100008,0.6487972638519297,0.453177341406825,0.3998546986517185,0.5065936454824268
scaffold,Mordred | SVR,0.4913395024727695,0.24756799077606198,0.6456356494925578,0.5018235491444341,0.4444378662051656,0.5582349328055262,0.3735799239756217,0.32709303664208944,0.42244639346171603
scaffold,Mordred | ExtraTrees,0.6056951164235718,0.4379568205496022,0.7187346120184523,0.44182787262159473,0.38467415242250597,0.49634488544570576,0.3228136854245093,0.2791094358093468,0.3657731452131786
scaffold,ChemBERTa-ZINC | Ridge,0.25451898014091134,-0.04907449736609656,0.44743962337597987,0.6075126522743354,0.5374775787034958,0.6747348910681275,0.4609894551430379,0.4078758101252888,0.5175351555367239
scaffold,ChemBERTa-ZINC | SVR,0.5683775756274602,0.3570915292331447,0.705182581896224,0.46226289168109236,0.40496030356596685,0.5162899536033136,0.34538122015977313,0.3011348285543148,0.39088532062595865
scaffold,ChemBERTa-ZINC | ExtraTrees,0.5044412862884562,0.3120712692158492,0.6386361995570562,0.49531854703776107,0.42662723076412773,0.5602309793065895,0.3614446734260768,0.31440362243513476,0.4103282152796903
scaffold,MoLFormer-XL | Ridge,0.27632558484365255,-0.07571400276106383,0.4843844159358729,0.5985613098069155,0.5254263236001813,0.6749677428107542,0.46208298053143265,0.40820384921059066,0.5165706932869752
scaffold,MoLFormer-XL | SVR,0.5940543312711438,0.3616496277113404,0.7315034951101287,0.4483023214747722,0.37847938287815786,0.5188082931513287,0.3158464061960966,0.2706454812631154,0.3614798508022278
scaffold,MoLFormer-XL | ExtraTrees,0.539191874442541,0.3515681621869133,0.6602964903796082,0.47763604773385865,0.417297276624394,0.5351822207455509,0.3440707562700105,0.29731899429086794,0.39206580151329445
scaffold,ECFP4+ChemBERTa-ZINC | Ridge,0.45510760621428337,0.1643686768083038,0.6336896584318686,0.5193885897959796,0.4508072544211007,0.5844613087849592,0.3873696199304977,0.33724171889561855,0.43985420959451327
scaffold,ECFP4+ChemBERTa-ZINC | SVR,0.5298775909858133,0.34124955168815924,0.6654371742083872,0.48243911071445567,0.4084537547077845,0.5532890589536766,0.3477527296622791,0.30013741868731053,0.3944690675624773
scaffold,ECFP4+ChemBERTa-ZINC | ExtraTrees,0.5531054011327572,0.3091362039756044,0.7094290527019582,0.4703699673835772,0.39817990541109494,0.5432634101017332,0.32949730102196023,0.2816643997917532,0.3784789564664572
scaffold,ECFP4+Mordred | Ridge,0.44443384501006555,0.12372506530424039,0.6259461041850441,0.5244510052063905,0.45104567372571464,0.5971666119427368,0.38195642953562575,0.32821556991444145,0.4382605904524522
scaffold,ECFP4+Mordred | SVR,0.5411335823243212,0.3574035370217045,0.672502916113832,0.47662867756311744,0.40548428646938955,0.5457520041212166,0.3497152426629307,0.3040190498246833,0.396229464230888
scaffold,ECFP4+Mordred | ExtraTrees,0.5774583963833526,0.3369688875676001,0.728848168870188,0.45737431272012863,0.38319100362484004,0.5335020392352284,0.31500916665485545,0.268714986484811,0.36457681684571347
scaffold,ECFP4+Mordred | CatBoost,0.5671851080301284,0.352557372314151,0.6993933238104197,0.46290101111456305,0.4048350994692638,0.5203457304282832,0.34675493860563267,0.30382186569756986,0.39280606348597485
scaffold,ChemBERTa-ZINC (fine-tuned) | fold ensemble,0.5282205334065069,0.27933948594041536,0.6818722770519569,0.48328859817127817,0.41273229237920545,0.546789120253718,0.3539743021114178,0.3059469711301315,0.40123943340145335
scaffold,"Molecular graph | AttentiveFP, fold ensemble",0.5111326669194014,0.23204355301228133,0.6879532011961429,0.49196311282005206,0.41154203092936265,0.5687233340780362,0.34623576287200686,0.2984150695627189,0.3947175359469572
cluster,ECFP4 | Ridge,0.3097682994620653,0.10651594919295516,0.46118301788316024,0.8313289466157806,0.7054871763101235,0.9768754063028242,0.5802824516220203,0.5049776862711283,0.6664290069173786
cluster,ECFP4 | SVR,0.22431890065008497,0.0583298696302804,0.37682370816136956,0.8812863768031958,0.717420824499489,1.0507533690787745,0.5722967423645112,0.48476186598765936,0.673523647678397
cluster,ECFP4 | ExtraTrees,0.34446265525346553,0.16752659457265062,0.5143239895599788,0.810166293948505,0.6518594483297073,0.9869639210814554,0.5119668998447463,0.43321584342612257,0.6107797973918032
cluster,RDKit-desc | Ridge,0.05734726170438498,-0.3506602709011546,0.3186191198348338,0.9715190453100107,0.8129243447002097,1.1265817615300624,0.6702576098391689,0.5753547138368281,0.7693129276982399
cluster,RDKit-desc | SVR,0.4674500989288589,0.2706961800166032,0.6154622067168088,0.7302231653206916,0.6140276624928319,0.8594773058028973,0.5120564885372806,0.44229715019340277,0.5884796362220187
cluster,RDKit-desc | ExtraTrees,0.44354943798552937,0.26415991329428623,0.5806276911023366,0.7464294135587505,0.6231608832597453,0.8774862766886009,0.5164280870999424,0.44413017028167767,0.5942980420707082
cluster,Mordred | Ridge,-0.5798113564181138,-1.643251531396779,0.08627013665916218,1.2577029157765887,1.0045304793185452,1.5111097811987235,0.8236871253645425,0.6952157958407014,0.9610510886447107
cluster,Mordred | SVR,0.3902980406168327,0.15816795490957675,0.548986671182216,0.7813295458665611,0.6579292218553403,0.9141015114231795,0.5428121781656888,0.4694036198710823,0.6225668063681751
cluster,Mordred | ExtraTrees,0.3916807812026002,0.22482051877350626,0.5299195273677832,0.7804430559201245,0.6458942561127204,0.9214619241561741,0.5385945626643718,0.4641022414446505,0.6190964152461957
cluster,ChemBERTa-ZINC | Ridge,0.1284024439555117,-0.18102680616674716,0.33240868669350826,0.9341862138804655,0.809136505704069,1.06608756495027,0.6684534948768545,0.5811697855987878,0.7644204766237178
cluster,ChemBERTa-ZINC | SVR,0.37818145036411766,0.1960657788463752,0.5122140437408792,0.7890550229149993,0.6670287620421957,0.9124324778129504,0.5496225790450894,0.4765838511308275,0.6338110784068456
cluster,ChemBERTa-ZINC | ExtraTrees,0.32363543364046676,0.18585099123504414,0.4534304188502393,0.8229356485364104,0.6801502815160405,0.9717699861072693,0.5476430794699667,0.4659118282411111,0.6371625641072998
cluster,MoLFormer-XL | Ridge,0.3803966368839602,0.16374415545881787,0.5301967863968297,0.7876482913791767,0.6732716462871351,0.9108884257592357,0.5841185625376717,0.5110781026269017,0.6626470484906347
cluster,MoLFormer-XL | SVR,0.5056354498003521,0.3483728468978894,0.6257554573062083,0.7035567150629771,0.5915281949864402,0.822566436906258,0.49408104908827677,0.42661966107256794,0.569815961859751
cluster,MoLFormer-XL | ExtraTrees,0.40594251333047293,0.24506588801557572,0.528946331749128,0.7712402536620421,0.651367112246221,0.903824813471771,0.5359023305704539,0.4660017255445663,0.6157205720393181
cluster,ECFP4+ChemBERTa-ZINC | Ridge,0.35793451804162146,0.17048502607313212,0.5019086337370439,0.8017982670925171,0.6853046557382564,0.9271017290062007,0.572505290569324,0.49911765263550006,0.6550467479407396
cluster,ECFP4+ChemBERTa-ZINC | SVR,0.3031859021174623,0.1667444597528102,0.4357696153482497,0.8352835266654103,0.6838834248139278,0.9942031157070341,0.5519129848474651,0.4709134301025189,0.6437986601956267
cluster,ECFP4+ChemBERTa-ZINC | ExtraTrees,0.337575962951831,0.16262246128352956,0.504337073827925,0.8144107424934637,0.65255089683434,0.9897773896001483,0.5241547480656322,0.44338605205724135,0.6174885950536362
cluster,ECFP4+Mordred | Ridge,0.4029721012350983,0.20552168254069464,0.5454983273120034,0.773166030897178,0.6610660270038097,0.8961331906709238,0.5561035287126974,0.48364961009320817,0.6351441237999895
cluster,ECFP4+Mordred | SVR,0.3350874403159868,0.18275700776650933,0.4697596570208259,0.8159390533780432,0.6634948991247112,0.9780473226097781,0.5360719692223622,0.4570448138529173,0.6273133782194869
cluster,ECFP4+Mordred | ExtraTrees,0.38542397367281744,0.21281297974655786,0.5443253697760259,0.7844463734905749,0.6263638484069501,0.9573586969331493,0.5076280475208337,0.42906603789598297,0.596505142639002
cluster,ECFP4+Mordred | CatBoost,0.39289170326147116,0.23721892653685459,0.53250899259989,0.7796658928293878,0.6336437218410568,0.9293778249984261,0.5326726900055111,0.4585436244376905,0.6162555883084744
cluster,ChemBERTa-ZINC (fine-tuned) | fold ensemble,0.3192132356955647,0.13017643634329112,0.4743505522231693,0.8256215190450462,0.687336925556433,0.9688452814335323,0.5515355830581207,0.47207812768090457,0.6402119412412679
cluster,"Molecular graph | AttentiveFP, fold ensemble",0.4982832028858062,0.2938908030205501,0.6519809039241352,0.7087690953293824,0.5863268945693373,0.8247536551183644,0.48709315503152834,0.4196156606546064,0.5564721623426351
dissimilarity,ECFP4 | Ridge,0.12946660449651703,-0.08404437744903451,0.2889021132568567,0.9243551559950968,0.7760164542874516,1.0719087937390201,0.6587289847591189,0.5700113222483552,0.7539179893722983
dissimilarity,ECFP4 | SVR,0.11524358141580093,-0.01126733980855855,0.20235106910228987,0.9318757512267642,0.7614817248952921,1.0927577029613271,0.6284326511431969,0.5334530280565511,0.7285465629813757
dissimilarity,ECFP4 | ExtraTrees,0.20921920482715228,0.07405293755401889,0.33770318776558766,0.8809965479211311,0.7068792345139232,1.04822980994523,0.5958378363625556,0.5076327789611276,0.6945449686496682
dissimilarity,RDKit-desc | Ridge,-0.3081075858090132,-0.9083950954990618,0.035071836158463404,1.133099067148175,0.9704238849514794,1.2910538058463858,0.8162712278118849,0.7096151623037998,0.9274449779908858
dissimilarity,RDKit-desc | SVR,0.1728254145403577,-0.10319398657086398,0.3671598723966574,0.9010413901577745,0.7693551645049159,1.038395359968481,0.671500481893623,0.5891335682887548,0.7570518598215306
dissimilarity,RDKit-desc | ExtraTrees,0.21362768137882981,-0.04204501658016228,0.38587620263267264,0.8785374083259614,0.7381115347628742,1.0123361511509867,0.6296358150678883,0.543226286916789,0.7258334395191502
dissimilarity,Mordred | Ridge,-1.261940417685881,-2.9203271359185807,-0.3982631867831055,1.4900015848740829,1.235421637659819,1.772422058022974,1.0133111486901238,0.8753005353492938,1.1733127855403853
dissimilarity,Mordred | SVR,0.1312850629620167,-0.175324301001,0.3360676542713902,0.9233892078794746,0.7832537062298001,1.0627090132869927,0.6692321603795861,0.5780564086404749,0.7643308110770596
dissimilarity,Mordred | ExtraTrees,0.20806220107035833,-0.014428251235221354,0.359165286221633,0.8816408122671939,0.7474442027463425,1.0161413906847736,0.6383183020242996,0.5538724117180693,0.7299441924106868
dissimilarity,ChemBERTa-ZINC | Ridge,-0.3215781721227926,-0.9389337279078708,0.01062762579668427,1.1389183189329315,0.9702287307988741,1.2940038571733952,0.8174936007313264,0.7012363569749783,0.9289662118956526
dissimilarity,ChemBERTa-ZINC | SVR,0.24443158356994676,0.04913662764934371,0.36493963792176637,0.8611584110254581,0.7293579953052219,0.9907910248205511,0.614220524186629,0.53103144772796,0.7015080250590982
dissimilarity,ChemBERTa-ZINC | ExtraTrees,0.12793902273804492,-0.058479779033518926,0.24951067461655316,0.9251658136794431,0.7789978508354988,1.063488654878814,0.6479292266597363,0.5594621632648097,0.7446461337721542
dissimilarity,MoLFormer-XL | Ridge,-0.11854625840831323,-0.6251863760405589,0.16022423568057137,1.04778728665276,0.9252540251300982,1.1777785511301453,0.8001622417858787,0.7095530471439994,0.8956995291120633
dissimilarity,MoLFormer-XL | SVR,0.30063457710331,0.08033422260967608,0.4670901988867431,0.8285109034956689,0.68517018458087,0.9693760075494992,0.5935231343457812,0.5113170221056903,0.6784403904495255
dissimilarity,MoLFormer-XL | ExtraTrees,0.29645299228219935,0.11057633407081242,0.44340869235235764,0.8309840922515106,0.6877576449802496,0.9702074627879537,0.5905502349987601,0.5102204789118199,0.6749420315758722
dissimilarity,ECFP4+ChemBERTa-ZINC | Ridge,0.11196737150223224,-0.14152167571887944,0.2760231697786654,0.9335995022131616,0.8020623706636791,1.0636455599628363,0.6911371255826706,0.6046213649869236,0.783857803005336
dissimilarity,ECFP4+ChemBERTa-ZINC | SVR,0.1734030743630317,0.04842243203483773,0.2564897258348633,0.9007267127469027,0.7507562251026394,1.045289166871918,0.6304189831192816,0.5436461770420248,0.7255862491418644
dissimilarity,ECFP4+ChemBERTa-ZINC | ExtraTrees,0.2046801441891315,0.055422009265476135,0.332056770947969,0.8835213783149655,0.7196331961894178,1.0428926338121942,0.6031605546893732,0.5146829242132549,0.699400803799225
dissimilarity,ECFP4+Mordred | Ridge,0.132672721895154,-0.175974459290689,0.32274439983883124,0.9226514161513413,0.7976001851198132,1.0441901600811612,0.6915971418637599,0.6062435435915674,0.7832602367792095
dissimilarity,ECFP4+Mordred | SVR,0.2037487913137157,0.05175853515242024,0.30554958519666703,0.884038547229624,0.7303381162620071,1.0242357159195261,0.6156593801455031,0.529764133529305,0.7068416950447977
dissimilarity,ECFP4+Mordred | ExtraTrees,0.2512076745613423,0.07885863640037948,0.393128668822053,0.8572881925040272,0.7060774683312863,1.0066121601954856,0.5952858767701457,0.5107892943290302,0.6881730209182408
dissimilarity,ECFP4+Mordred | CatBoost,0.27898330107177116,0.11948527433185994,0.39858429627296826,0.8412378630915875,0.7012525390911956,0.9783590774434184,0.6023840478942837,0.5233142375546807,0.6860065944955044
dissimilarity,ChemBERTa-ZINC (fine-tuned) | fold ensemble,0.13891916261342108,-0.09789341792909607,0.2946916259099456,0.9193229715313234,0.7703805219651793,1.0632883896660488,0.6359347876987177,0.5424940375180315,0.7315262556275247
dissimilarity,"Molecular graph | AttentiveFP, fold ensemble",0.18119446614160384,-0.13100263420037866,0.3879873633240528,0.8964715973640354,0.7639278787409348,1.0307595289710554,0.6418411452274092,0.5551394077236069,0.7341811266337456
source,ECFP4 | Ridge,-0.4845163458531465,-0.7678324488547409,-0.2817053165920873,0.8673476434612108,0.7423379056685477,1.0125710304685063,0.6565931159803856,0.5824430213073545,0.7443621363005704
source,ECFP4 | SVR,-0.27198089798040925,-0.4952505102664821,-0.10020253476950523,0.8028621897043644,0.6730734804285271,0.9535496379220165,0.6087330591009721,0.5403703807269268,0.6888714475492281
source,ECFP4 | ExtraTrees,-0.4708570688314033,-0.9320513902307583,-0.18618041606819066,0.8633481185645944,0.7361208023601999,1.0020881660868572,0.6536294935626329,0.5777203433591463,0.7400481315587096
source,RDKit-desc | Ridge,-0.687715430478294,-1.0699569230493904,-0.4381154887652447,0.9248053243822054,0.7917536372577415,1.059689122017707,0.6780160250532306,0.5936654858641964,0.7745406338682564
source,RDKit-desc | SVR,-0.4675957811868461,-0.855312134375381,-0.2203414164371942,0.8623904493608053,0.7510512735338222,0.9873469471795179,0.6743949046045699,0.5983443511673369,0.7560036923789492
source,RDKit-desc | ExtraTrees,-0.07993476164535762,-0.29722622582814834,0.07116425191276092,0.7397746944564983,0.6311298030415499,0.8547429298002925,0.5563160943415398,0.49010830205103356,0.6325218665261619
source,Mordred | Ridge,-0.7386204493333008,-1.1841561859687901,-0.46281122789029644,0.938648742376639,0.8298949004773541,1.056344130794207,0.7424787251067984,0.6622318854720581,0.8304765245672484
source,Mordred | SVR,-0.40708511032981853,-0.7626100232121004,-0.18840865521662326,0.8444246346073027,0.737405854677673,0.9664669123060021,0.6489933111172873,0.5748751879373458,0.7328047921290775
source,Mordred | ExtraTrees,-0.03259805037240837,-0.1861606234416824,0.0757022409647771,0.7233797735477567,0.6123889097411458,0.8399345060430341,0.5463332595834787,0.4824026538922355,0.6181564251833475
source,ChemBERTa-ZINC | Ridge,-0.40967900033438287,-0.7728171498293245,-0.1861148554416468,0.845202603219618,0.7187721112393607,0.9883899243992837,0.627401335377848,0.5532347049214535,0.7162898329208676
source,ChemBERTa-ZINC | SVR,-0.26028329264435746,-0.5643574108390244,-0.06787688833285296,0.799161954511463,0.6962265578932543,0.9109146789770961,0.6042998182305569,0.5340728540768346,0.6817003428727579
source,ChemBERTa-ZINC | ExtraTrees,-0.04986462149443738,-0.21822210064507278,0.07147792088264773,0.7294026913254711,0.6178269900599672,0.8492942685090382,0.5575123201159888,0.4944115321620412,0.6262444249328009
source,MoLFormer-XL | Ridge,-0.4384575205264474,-0.7762104134205053,-0.1970074286645078,0.8537863977419599,0.7268971214409163,0.993236869669015,0.6324220470041706,0.5565246127198977,0.7176050973384503
source,MoLFormer-XL | SVR,-0.3913142279318962,-0.672677935619442,-0.18198866966806038,0.8396790624006618,0.7100436111469186,0.987352287530468,0.6152452216129323,0.5394258848108205,0.7023536178730972
source,MoLFormer-XL | ExtraTrees,-0.08999291262107256,-0.26148029261144884,0.03070414822855091,0.7432117171556221,0.6262868824282968,0.872258640606683,0.5550059995965454,0.48823313205607616,0.6294706971812013
source,ECFP4+ChemBERTa-ZINC | Ridge,-0.47019069166868377,-0.7928876572832727,-0.25670707961194417,0.8631525249005872,0.7463917424046809,0.9986393070218113,0.6585525985316583,0.5865943901610415,0.7435485397223419
source,ECFP4+ChemBERTa-ZINC | SVR,-0.2618689814007278,-0.5452902000008386,-0.07398278105554339,0.7996645493561885,0.6851718591920108,0.9328293833313903,0.6139389792161067,0.5439933277236588,0.6899738474261802
source,ECFP4+ChemBERTa-ZINC | ExtraTrees,-0.28755522437955494,-0.6460219859773968,-0.0664292935732873,0.8077624185639518,0.6944234317922959,0.9324817284777118,0.6199977832036995,0.5487646484011935,0.698749848023768
source,ECFP4+Mordred | Ridge,-0.5104326914275679,-0.8181075361153983,-0.29087691041700653,0.8748858637063124,0.7479362479216123,1.0124902263229174,0.6583774011673702,0.5811703883577197,0.7457529647109216
source,ECFP4+Mordred | SVR,-0.16378532225613496,-0.35488658519336996,-0.03626023644724474,0.7679574337433994,0.6572188488156637,0.8946418237937473,0.589365485336635,0.5221828910834777,0.6673826498356104
source,ECFP4+Mordred | ExtraTrees,-0.18343959320113346,-0.4791134163971919,-0.004349276878041828,0.7744150034804334,0.6680594831269584,0.8897338781270502,0.6014129010721235,0.5337457052890786,0.6756108708147491
source,ECFP4+Mordred | CatBoost,-0.09237751811046468,-0.2834452751182609,0.03818712479181053,0.744024244682396,0.6408137512044129,0.8638203465910501,0.5741774184102888,0.5097254916920357,0.6496416578559907
source,ChemBERTa-ZINC (fine-tuned) | fold ensemble,-0.35807503387236905,-0.8038483759535766,-0.06993422115953306,0.829588252676565,0.7028904880765544,0.9575134823827071,0.59773882666723,0.5207461975468093,0.684022969724597
source,"Molecular graph | AttentiveFP, fold ensemble",-0.4550166478724418,-1.0324104807640464,-0.11206552428313996,0.8586866127078596,0.7341092132096081,0.9893220171927135,0.6359387246679016,0.5574251327053027,0.727498144842443
