representation,family,learner,n_features,best_params,cv_r2_inner_mean,q2_cv_oof,oof_rmse,test_r2,test_rmse,test_mae,fit_seconds
Mordred,Descriptor baseline,ExtraTrees,1427,{'mdl__max_features': 0.3},0.7618352172277625,0.7732867393591146,0.4382307041533451,0.6056951164235718,0.4418278726215947,0.3228136854245093,99.78081870000096
MoLFormer-XL,Frozen chemical language model,SVR,768,"{'mdl__C': 100.0, 'mdl__epsilon': 0.1, 'mdl__gamma': 'scale'}",0.7624576267285568,0.7787152186092664,0.4329523632163909,0.5940543312711438,0.4483023214747722,0.3158464061960966,5.283577299996978
ECFP4+Mordred,Hybrid,ExtraTrees,3475,{'mdl__max_features': 0.3},0.7741999242123045,0.7811648353537627,0.4305493086001974,0.5774583963833526,0.4573743127201286,0.3150091666548554,565.1295895000003
ChemBERTa-ZINC,Frozen chemical language model,SVR,768,"{'mdl__C': 10.0, 'mdl__epsilon': 0.1, 'mdl__gamma': 'scale'}",0.6973985095902623,0.7163221714692406,0.4902042114424818,0.5683775756274602,0.4622628916810923,0.3453812201597731,6.079841200000374
ECFP4+Mordred,Hybrid,CatBoost,3475,{'mdl__depth': 6},0.7570896223867931,0.7613289823926314,0.4496392176600233,0.5671851080301284,0.462901011114563,0.3467549386056326,891.0820193999989
ECFP4,Fingerprint baseline,ExtraTrees,2048,{'mdl__max_features': 0.3},0.7607855421022078,0.7536461191822222,0.4568188804960401,0.5552867663299214,0.4692205869457727,0.3175128388538998,98.1932308999967
ECFP4+ChemBERTa-ZINC,Hybrid,ExtraTrees,2816,{'mdl__max_features': 0.3},0.7422951109991968,0.7439425233689696,0.4657287751883096,0.5531054011327572,0.4703699673835772,0.3294973010219602,120.61862869999824
ECFP4+Mordred,Hybrid,SVR,3475,"{'mdl__C': 10.0, 'mdl__epsilon': 0.1, 'mdl__gamma': 'scale'}",0.7379903260170957,0.7426734320587804,0.4668814886416074,0.5411335823243212,0.4766286775631174,0.3497152426629307,44.15570060000027
MoLFormer-XL,Frozen chemical language model,ExtraTrees,768,{'mdl__max_features': 0.6},0.7092088273522151,0.7289869613717589,0.4791366961467617,0.539191874442541,0.4776360477338586,0.3440707562700105,93.5726203999984
ECFP4+ChemBERTa-ZINC,Hybrid,SVR,2816,"{'mdl__C': 10.0, 'mdl__epsilon': 0.1, 'mdl__gamma': 'scale'}",0.7296620633788857,0.7386418180743355,0.4705246619083736,0.5298775909858133,0.4824391107144556,0.3477527296622791,20.27262979999796
ChemBERTa-ZINC (fine-tuned),Fine-tuned chemical language model,fold ensemble,256,{'protocol': '5-fold nested fine-tuning'},0.674843966960907,0.6740099484297046,0.525492490821662,0.5282205334065069,0.48328859817127817,0.3539743021114178,881.3251101970673
Molecular graph,Graph neural network,"AttentiveFP, fold ensemble",0,{'protocol': '5-fold nested training with early stopping'},0.7950753450393677,0.7953962148517855,0.41631415073315386,0.5111326669194014,0.49196311282005206,0.34623576287200686,546.9529364109039
ChemBERTa-ZINC,Frozen chemical language model,ExtraTrees,768,{'mdl__max_features': 0.6},0.6385451614551307,0.6552751438516429,0.5403817091936665,0.5044412862884562,0.495318547037761,0.3614446734260768,92.27759860000153
RDKit-desc,Descriptor baseline,ExtraTrees,217,{'mdl__max_features': 0.6},0.7799074987174714,0.8047607670300121,0.4066753859475887,0.4993457238186233,0.4978585807709852,0.3427881880097966,21.066072099998564
Mordred,Descriptor baseline,SVR,1427,"{'mdl__C': 10.0, 'mdl__epsilon': 0.1, 'mdl__gamma': 'scale'}",0.7330214619972729,0.7444764914904977,0.4652429192273822,0.4913395024727695,0.5018235491444341,0.3735799239756217,10.320617600002151
RDKit-desc,Descriptor baseline,SVR,217,"{'mdl__C': 10.0, 'mdl__epsilon': 0.1, 'mdl__gamma': 'scale'}",0.7313650916925715,0.7498731682705447,0.4603037172817605,0.4870771888348362,0.5039216747714816,0.3845007908296423,1.3441719000002197
ECFP4,Fingerprint baseline,SVR,2048,"{'mdl__C': 10.0, 'mdl__epsilon': 0.1, 'mdl__gamma': 'scale'}",0.6987459606521134,0.7052730566685442,0.4996596289130528,0.4832523880476486,0.5057970254248381,0.3661630352018978,27.69972129999951
ECFP4+ChemBERTa-ZINC,Hybrid,Ridge,2816,{'mdl__alpha': 1000.0},0.7046714627029677,0.7179012099640693,0.4888379934958785,0.4551076062142833,0.5193885897959796,0.3873696199304977,4.142755900000338
ECFP4+Mordred,Hybrid,Ridge,3475,{'mdl__alpha': 1000.0},0.7124848313668488,0.7242958914819723,0.483265686763091,0.4444338450100655,0.5244510052063905,0.3819564295356257,33.90890979999949
ECFP4,Fingerprint baseline,Ridge,2048,{'mdl__alpha': 1000.0},0.6945582132573846,0.7051357610053275,0.4997759961374595,0.42503361043193,0.5335292830142389,0.397737388137546,31.50882190000266
Mordred,Descriptor baseline,Ridge,1427,{'mdl__alpha': 100.0},0.5453825464998048,0.5530417837707742,0.6153154269221235,0.3050605235138176,0.5865574067016066,0.453177341406825,2.5928549999989627
MoLFormer-XL,Frozen chemical language model,Ridge,768,{'mdl__alpha': 100.0},0.6151804577000876,0.6391349047226362,0.5528875105500286,0.2763255848436525,0.5985613098069155,0.4620829805314326,1.3745061000008718
ChemBERTa-ZINC,Frozen chemical language model,Ridge,768,{'mdl__alpha': 100.0},0.525434922960231,0.5420461932349683,0.6228381095272656,0.2545189801409113,0.6075126522743354,0.4609894551430379,1.4835086000020965
RDKit-desc,Descriptor baseline,Ridge,217,{'mdl__alpha': 1.0},0.4728091866094353,0.473560501458533,0.6677879444519941,-0.0424000199002145,0.7183800072890547,0.5216704648382006,0.4833335000002989
