method,atom_group,n_molecules,mean_enrichment,mean_permutation_null,median_enrichment,pct_molecules_enriched,wilcoxon_statistic,p_raw,p_bh_adjusted
grad_x_input,non_aromatic,189,1.1557457503826625,0.9980089315861901,1.1001865097074435,70.8994708994709,3942.0,2.280413952086158e-11,7.297324646675705e-11
grad_x_input,aromatic,189,0.9211076289281225,1.0007302656970642,0.9154209119917609,28.04232804232804,4042.0,5.599879317886515e-11,1.3784318320951422e-10
grad_x_input,phenolic_OH_oxygen,118,2.159712231687762,1.0015458790654852,1.8721469032044638,95.76271186440678,52.0,1.577670716100112e-20,2.524273145760179e-19
grad_x_input,phenolic_OH_and_ipso_carbon,118,1.637925208345345,0.9989747747304975,1.486793467333475,88.98305084745762,248.0,1.930482599013619e-18,2.0591814389478604e-17
grad_x_input,catechol_motif,49,1.2346984346420269,0.997033863794997,1.228657879066573,89.79591836734694,67.0,7.756604247788346e-10,1.5513208495576691e-09
grad_x_input,carbonyl,130,1.2497543149948875,1.0014290101478576,1.1774626497158998,64.61538461538461,2129.0,7.576465350328947e-07,1.2122344560526315e-06
grad_x_input,conjugated_CC,50,1.1795657653911438,1.0124219113146116,1.1973450556931482,70.0,306.0,0.0010644297047850415,0.0014192396063800554
grad_x_input,aliphatic_OH_oxygen,42,1.4186068417408755,1.0086907218409162,1.3110088573757879,73.80952380952381,182.0,0.0004998449321647058,0.0006954364273595908
integrated_gradients,non_aromatic,189,0.9081107760522343,0.9980730806037258,0.8860185560364365,30.158730158730158,4755.0,2.0559649351188268e-08,3.655048773544581e-08
integrated_gradients,aromatic,189,1.1266343736183797,0.9991871061302695,1.0678742144463247,71.42857142857143,4007.0,4.0970802086288133e-11,1.0925547223010169e-10
integrated_gradients,phenolic_OH_oxygen,118,1.4228727854036187,0.9953602849043999,1.30832797815168,73.72881355932203,1188.0,4.4616717255561284e-10,1.019810680127115e-09
integrated_gradients,phenolic_OH_and_ipso_carbon,118,1.4222686858415006,0.9999792962405132,1.3458800200728536,84.7457627118644,614.0,7.344520073578089e-15,3.357494890778555e-14
integrated_gradients,catechol_motif,49,1.4008320585641532,0.9972481824190217,1.4043896668759592,93.87755102040816,16.0,6.004086117172847e-13,2.4016344468691386e-12
integrated_gradients,carbonyl,130,1.1928286087697308,1.003275226727038,1.0782127290828845,56.92307692307692,2987.0,0.0031547031421231882,0.003945133108122543
integrated_gradients,conjugated_CC,50,1.077523256505073,0.9945750836991232,1.0519849432272936,57.99999999999999,460.0,0.08760075247442067,0.09666289928211937
integrated_gradients,aliphatic_OH_oxygen,42,1.245395211613978,1.0038360347248474,1.1941195001158014,59.523809523809526,317.0,0.09407485176279806,0.1003465085469846
occlusion,non_aromatic,189,1.1733230856149717,1.0014929652378635,1.1225986659142284,66.66666666666666,4652.0,9.24643535983341e-09,1.7405054794980536e-08
occlusion,aromatic,189,0.8990331940091887,1.0023790079990218,0.8946905680239862,31.746031746031743,4768.0,2.2711978831252454e-08,3.8251753821056764e-08
occlusion,phenolic_OH_oxygen,118,2.696822661746299,0.9911689891673444,2.157736346103034,87.28813559322035,334.0,1.4593106188674602e-17,1.0985640192326326e-16
occlusion,phenolic_OH_and_ipso_carbon,118,1.8653345858914276,0.9966219562199564,1.61578006346403,87.28813559322035,456.0,2.350374634380134e-16,1.2535331383360714e-15
occlusion,catechol_motif,49,1.3735014251261553,0.999512769853135,1.2995983249259182,87.75510204081633,64.0,5.622524668069673e-10,1.1994719291881968e-09
occlusion,carbonyl,130,1.1688529561959657,1.003812604894871,1.055131579332674,51.53846153846153,3814.0,0.30274899930780497,0.31251509605966965
occlusion,conjugated_CC,50,0.743214430611378,0.9968938339660515,0.6448812573928904,22.0,257.0,0.00014253035612021847,0.0002073168816294087
occlusion,aliphatic_OH_oxygen,42,1.201358811175519,1.006436628903715,0.9650937979375511,47.61904761904761,423.0,0.7289487666148489,0.7289487666148489
attention_rollout,non_aromatic,189,1.0911316498841437,1.0010881916280363,1.0368909338318077,59.78835978835979,5687.0,1.2448278496688674e-05,1.8968805328287504e-05
attention_rollout,aromatic,189,0.9883263848198417,0.9997111706210743,0.9715635036194404,40.74074074074074,7144.0,0.014900961261126104,0.017029670012715548
attention_rollout,phenolic_OH_oxygen,118,1.409299519128387,0.9924429794618861,1.3693342780081719,95.76271186440678,49.0,1.4626424330572628e-20,2.524273145760179e-19
attention_rollout,phenolic_OH_and_ipso_carbon,118,1.2769440848780347,1.001144151976092,1.248789916682998,90.67796610169492,341.0,1.7165062800509883e-17,1.0985640192326326e-16
attention_rollout,catechol_motif,49,1.1701186213631787,0.9949748377991572,1.163739626465376,91.83673469387756,39.0,2.6943780540023e-11,7.838190702552146e-11
attention_rollout,carbonyl,130,1.1794019184447795,1.0006380620196274,1.139445870926359,73.07692307692307,1354.0,1.511084299226192e-11,5.372744175026461e-11
attention_rollout,conjugated_CC,50,1.0691593684430236,1.001848046621481,1.0632754484566795,70.0,337.0,0.0032054206503495664,0.003945133108122543
attention_rollout,aliphatic_OH_oxygen,42,1.157400925108119,0.9978217711030543,1.1070175626721692,73.80952380952381,233.0,0.005549129808969155,0.00657674644025974
