index,smiles,pIC50,prediction,n_atoms,n_phenolic_OH,mean_attr_phenolic,mean_attr_aromatic
1675,CC(C)OC(=O)C=Cc1ccc(O)c(O)c1,4.88605664769316,4.769286346435547,16,2,1.5134787556652731,0.6315447340534429
638,Cc1c(C)c2c(c(C)c1O)CCC(C)(C(=O)NCCCCCCCCCCNc1c3c(nc4ccccc14)CCCC3)O2,7.36451625318509,7.5569075584411625,43,1,1.8373355559152,1.3173713546880887
1577,CC1=CCCC2C(C)(Cc3cc(O)c(Sc4ccccc4CO)cc3O)CCCC12C,4.04575749056067,4.575349235534668,31,2,3.6154647014083645,0.8118362446411956
1047,COc1cccc(C=CC(=O)c2cc3cc(O)ccc3oc2=O)c1OC,3.79588001734407,3.5794111251831056,26,1,1.3573102089707512,0.9865700907882441
665,COc1cc2oc(-c3ccc(O)cc3)cc(=O)c2c(O)c1O,4.52042468982501,4.526648330688476,22,3,1.8493855691877472,0.9783609800471428
1085,CCCN1C(=O)c2cccc3cccc(c23)C1=O,3.74666199467389,3.772737216949463,18,0,,1.0783155971875291
1434,COc1cc(C=CC(=O)OCCOc2no[n+]([O-])c2S(=O)(=O)c2ccccc2)ccc1O,3.74232142513082,3.92939977645874,32,1,1.3149890157499404,0.8378838599241935
152,CC1=NC(=S)N(n2c(CCl)nc3ccccc3c2=O)C(=O)C1N=Nc1ccc(O)cc1,5.26760624017703,5.472229385375977,31,1,2.133830661723673,0.8575348895455939
1633,COc1cc2c(c(OC)c1O)C(c1ccc(O)c(O)c1)C(C(=O)NCCc1ccc(O)cc1)C(C(=O)NCCCCNC(C)=O)=C2,4.17392519729917,4.537309837341309,46,4,1.8410625366477273,0.9623206964242558
980,Oc1ccc(C=Nc2ccc(O)cc2)cc1,4.02548830726267,3.680878496170044,16,2,1.1540727848931969,0.9445789458585664
829,CCOC(=O)C1(O)CC(O)C(O)C(OC(=O)C=Cc2ccc(O)c(O)c2)C1,4.73125953488499,4.589897537231446,27,2,2.6487965803687445,0.9334563200000928
1818,O=C(C=Cc1cc(O)ccc1O)CC(=O)c1ccc(O)c(O)c1,4.08618614761628,4.768912982940674,23,4,1.5058129835149499,0.9575781913302622
1493,COc1cc(C=NNC(=O)c2ccncc2)ccc1O,4.47366072261016,4.271959495544434,20,1,2.804857976761023,0.7370916431893814
1629,O=C(CCc1ccc(O)c(O)c1)NCCc1ccc(O)cc1,4.21324857785444,4.402562999725342,22,3,1.726427331394202,1.01289373891962
433,C=CC1C(OC2OC(CO)C(O)C(O)C2O)OC=C(C(=O)OC)C1Cc1nc(C(=O)O)cc2c1[nH]c1ccccc12,4.30189945437661,4.492168235778808,41,0,,1.1058865306409698
1064,Cc1ccc(C=CC(=O)c2c(O)c3ccccc3oc2=O)cc1,5.68402965454308,4.564002227783203,23,1,3.252095571002173,0.8976373859627238
1065,COc1ccc(C=CC(=O)c2c(O)c3ccccc3oc2=O)cc1,5.55129368009492,4.55083475112915,24,1,3.3725358244807735,0.9392746360736132
690,Cc1cc2c(O)c3c(c(O)c2o1)C1(C)CCCC(C)(C)C1=C(O)C3=O,4.11918640771921,4.240525817871093,25,2,2.1269516175547976,1.126377801369659
1766,Cc1ccc2[nH]c3c(c2c1)CCC1(C2c4ccccc4-c4nc5ccccc5nc42)NC(=O)C(C#N)=C31,4.05434558617539,4.050334358215332,37,0,,0.855234697821318
1712,O=S(C=Cc1ccc(O)c(O)c1)CCCc1ccccc1,4.84163750790475,4.982383441925049,21,2,3.455525768697636,0.6400242454120225
830,COC(=O)C1(O)CC(OC(=O)C=Cc2ccc(O)c(O)c2)C(OC(=O)C(C)(O)CC(=O)O)C(OC(=O)C=Cc2ccc(O)c(O)c2)C1,5.17648589286921,4.677817726135254,47,4,1.6167254200140804,0.8549904694817608
1584,CCCCCCCCCCCCCCCCc1c(C)c(O)cc2c1[nH]c1ccccc12,4.97881070093006,4.992428970336914,31,1,2.528772110862628,1.7715254083405516
427,CNC(=S)NNC(=O)Cn1c(-c2ccc(OC)cc2)nc2ccccc21,4.36653154442041,4.4072105407714846,26,0,,0.9024939938114465
586,COc1ccccc1C1COc2cccc3c2N1CCC3,4.3429441471429,3.9527801513671874,21,0,,1.0556236419512703
1360,CCCCc1oc2ccc(N=Cc3ccc(C#N)cc3)cc2c1C(=O)c1ccc(OC)cc1,4.20605448243312,4.382431983947754,33,0,,1.1082127629567677
2,Cc1c(N=Cc2ccc(Cl)cc2)c(=O)n(-c2ccccc2)n1C,4.49921482708254,4.794838333129883,23,0,,0.8260777667387412
1429,COc1cc(C2Oc3cc(C4Oc5cc(O)cc(O)c5C(=O)C4O)ccc3OC2COC(=O)CCCCCCCCCCC(=O)OCC2(C)CCc3c(C)c(O)c(C)c(C)c3O2)ccc1O,5.45593195564972,4.064676761627197,66,4,1.9900701344025293,1.2724859831069126
1481,O=c1cc(-c2ccccc2Br)oc2c1ccc1ccccc12,5.00436480540245,5.4506556510925295,22,0,,0.9107012417330809
502,Cc1c(-c2nnc(-c3ccc([N+](=O)[O-])cc3)o2)sc2ncnc(Nc3ccc(F)cc3)c12,4.3311039237277,4.174439334869385,32,0,,0.731048663046438
1414,COc1cc(COC2OC(COC3OC(C)C(O)C(O)C3O)C(O)C(O)C2O)cc(OC)c1OC,4.13018179202067,4.123622179031372,35,0,,0.5157652030806895
1329,O=C(CN1CCN(c2ccccn2)CC1)Nc1nc2ccccc2[nH]1,3.68194411321373,3.335604763031006,25,0,,1.0181192103459096
34,Nc1ccccc1N=Cc1cc(=O)oc2cc(OCc3ccccc3)ccc12,3.06686717627327,3.537735414505005,28,0,,0.8193686887844973
1745,O=c1cc(-c2ccccc2)oc2c(O)c(O)ccc12,4.80966830182971,4.594370698928833,19,2,2.178309944164819,0.9017791648679272
1118,O=C1C(=Cc2ccc(O)c(O)c2)CCC1=Cc1ccc(O)c(O)c1,4.82944494147879,4.835596179962158,24,4,1.8184158929924392,0.9154209119917609
446,COC(=O)C1(O)CC(O)C(OC(=O)c2cc(O)c(O)c(O)c2)C(OC(=O)C=Cc2ccc(O)c(O)c2)C1,4.88941028970075,4.86517562866211,37,5,1.0835488974149246,1.241872761250103
1358,CCCCc1oc2ccc(N=Cc3ccc(Cl)cc3)cc2c1C(=O)c1ccc(OC)cc1,3.76922463398284,4.266292333602905,32,0,,1.0301037279946867
1509,CN(CCCCCOc1cc(O)c2c(=O)c3ccccc3oc2c1)Cc1ccc(O)cc1,2.96899571863646,3.1663239002227783,32,2,3.095484973656498,1.0730846993155256
1087,O=C1c2cccc3cccc(c23)C(=O)N1Cc1ccccc1,3.84588047448415,3.78188271522522,22,0,,0.9037276013669986
1011,CCOC(=O)C1=C(C)N(c2ccc([N+](=O)[O-])cc2)C(C)=C(C(=O)OC)C1c1ccc2c(c1)OCO2,2.75023552131556,2.693715810775757,35,0,,0.8865685328168392
960,COC(=O)C(CS)NC(=O)Cc1ccc(O)c(OC)c1,4.08618614761628,4.014894247055054,20,1,1.2132233631587834,1.030572209264931
1471,COc1cc(CNCCCN2C(=O)c3cccc4cccc(c34)C2=O)cc(OC)c1O,4.70996538863748,4.116687297821045,31,1,2.4240383257254687,0.9520223866856058
667,COc1ccc(-c2cc(=O)c3c(O)c(OC)c(O)cc3o2)cc1,3.77001116345519,4.049181509017944,23,2,2.0668561118834723,1.0123300110361104
1522,O=C1CCc2ccc(O)c(c2)-c2cc(ccc2O)CC(O)C(O)C1O,3.63288877449745,4.345758628845215,25,2,0.9542220691179726,0.8161230630776667
1153,Cc1cc2c(c(=O)o1)C(c1c[nH]c3ccc(C#N)cc13)C(C#N)=C(N)O2,3.24677708758437,3.205534029006958,26,0,,1.1434333180833796
1394,O=C(Nc1nnc(-c2ccc(O)c(O)c2)s1)c1ccc(C=CC(=O)c2ccccc2F)cc1,4.85667287000795,4.930680656433106,33,2,2.1731557774061194,0.8514451698233519
330,COc1ccc(C(=O)c2cc3ccccc3oc2=S)cc1,2.27328076591365,2.700254964828491,21,0,,1.0659689987336063
859,Cc1cc(N=Cc2ccccc2O)c(C(C)C)cc1O,4.29454222149271,4.09137544631958,20,2,3.434787120206498,0.7282521768055147
204,CCN(CC)CCOc1cc(O)cc2oc(-c3cc(O)c(O)c(O)c3)c(OC)c(=O)c12,4.65639449189583,4.882045269012451,31,4,1.7813071203844484,0.9650058909649357
76,CC1OC(OCC2OC(Oc3c(-c4ccc(O)c(O)c4)oc4cc(O)cc(O)c4c3=O)C(O)C(O)C2O)C(O)C(OC2OC(CO)C(O)C(O)C2O)C1O,4.81747138961684,4.421420669555664,54,4,1.3060389414916156,1.0235265063332601
498,Cc1c(-c2nnc(-c3ccc(Cl)cc3)o2)sc2ncnc(Nc3ccc(Cl)cc3)c12,4.37156046303523,4.4679718017578125,30,0,,0.9348752155049789
445,O=C(O)c1cc(O)ccc1O,5.37059040089728,4.115897750854492,11,2,1.4651602709755034,0.6964248905761843
155,Oc1ccc(O)c(-c2nc3ncc(Cl)cc3[nH]2)c1,4.13966199342901,3.41184778213501,18,2,1.4900724579059703,0.9483487061883317
115,CC(=O)c1c2c(c3ccccc3c1O)OC(OCC(C)C)C2,4.67835937887855,4.07738676071167,22,1,1.6491397028927257,1.1668433226714945
485,COc1ccc(-c2nn(-c3ccccc3)c(-c3ccc(C)cc3)c2S(=O)(=O)CC2=NCCO2)cc1,3.83637738150392,4.058003091812134,35,0,,1.0029257468525936
377,O=C(CC(c1ccccc1)c1c[nH]c2ccccc12)c1c(O)c2ccccc2oc1=O,4.51872615316425,3.9987013816833494,31,1,3.8212118087086298,0.9202901409042848
1444,CCCCCC(CC)=NNc1nc(-c2cccc([N+](=O)[O-])c2)cs1,2.93181413825384,2.807502269744873,24,0,,0.7836377691002491
562,Cc1cc(O)c(C(C)(C)C)cc1N=Cc1ccccc1,4.15764845870805,4.089993572235107,20,1,3.8572691519216282,0.6540515961486513
46,NN=Cc1cc2ccccc2[nH]c1=O,3.1370818767009,3.2790173053741456,14,0,,1.0026149095417938
788,Cc1ccc(C(=O)Nc2nnc(-c3ccc(O)c(O)c3)s2)cc1,4.46890445312997,4.807493686676025,23,2,2.0465503327477803,0.8781748769315484
229,COc1cc(CN(CCCCCO)Cc2ccc(O)c(OC)c2)ccc1O,4.61978875828839,4.84571647644043,27,2,2.683412723029245,0.9703028326975014
397,O=C(Nc1nc2ccccc2[nH]1)c1cc2ccccc2oc1=O,2.92081875395238,2.244650936126709,23,0,,1.0523487400361524
384,CN1N=C(c2ccncc2)CC1c1c(-c2ccccc2)[nH]c2ccccc12,4.02720790596429,4.052619075775146,27,0,,0.8673665899015907
1808,O=C(C=Cc1ccc(O)c(O)c1)C=Cc1ccccc1O,4.20760831050175,5.029992198944091,21,3,2.350240860070224,0.6177301245999615
206,COc1ccc(C(=O)N2N=C(c3ccc(C)cc3)CC2(O)c2ccc(Cl)cc2Cl)cc1F,4.28899439553718,4.363748931884766,32,0,,0.6461295067797059
1094,Cc1cccc(-c2nnc(-c3ccccc3N)o2)c1O,4.64884770837289,4.5589470863342285,20,1,1.6731950660739685,0.9726528991118146
653,CN1CCN(C(=O)Oc2ccc(-c3cc(=O)c4c(O)c(O)c(O)cc4o3)cc2)CC1,4.72422809983507,4.423802471160888,30,3,2.0622184833028667,0.9937350566861765
1416,COc1cc(C=CC(=O)NCCc2ccc(O)c(O)c2)ccc1O,4.51286162452281,4.808329486846924,24,3,2.2398973786473104,0.8857102313370242
140,COc1cc(N)ccc1O,4.86488563432171,5.037174987792969,10,1,3.5470529266007698,0.7702189461749023
719,COc1ccc(CN2CCC(CCNC(=O)C=Cc3cc(C(C)(C)C)c(O)c(C(C)(C)C)c3)CC2)cc1,4.21324857785444,4.259565830230713,37,1,3.068903065150987,1.024313975071227
160,CCC(c1ccc(O)c(OC)c1)c1cccc(O)c1O,5.23657200643706,5.202601432800293,20,3,2.5736691997987595,0.7913187003092581
1854,COC1Oc2c(O)c(Br)cc3c2-c2c1cc(Br)c(O)c2OC3OC,4.82102305270683,4.756040954589844,24,2,0.6945626967889131,0.9912005816941346
1241,CCc1cccc(NC(=O)C2Cc3cc(OC)c(OC)cc3C2=O)c1,3.72378606109792,3.8352230072021483,25,0,,0.6891299668869411
476,N#CC1=C(N)OC(c2c[nH]c3ccccc23)=C(C#N)C1c1ccc(F)cc1,2.59715988609825,2.8930530071258547,27,0,,1.0086031225078904
571,Cc1cc(O)c(C(C)C)cc1N=Cc1ccc(C(C)(C)C)cc1,4.22655149705033,4.1324115753173825,23,1,1.8949082372211803,0.8310857202099129
244,O=C(C=Cc1ccc(O)c2oc(-c3ccc(O)c(O)c3)cc12)NC(Cc1c[nH]c2ccccc12)C(=O)O,5.41341269532824,5.116009521484375,37,3,1.3648250807634523,1.007531813528056
5,COc1ccc(C=Nc2c(C)n(C)n(-c3ccccc3)c2=O)cc1,4.81616096294358,5.274565505981445,24,0,,0.9946474948455934
129,COc1c(-c2ccsc2)c(C)nn1-c1ccccc1,3.95372885534999,3.985529088973999,19,0,,1.0769604664767982
1755,CCCCCCCCCCCCCCOc1cc(OC)c(Br)cc1C(C)=O,1.79317412396815,2.041726589202881,27,0,,1.816510767421268
708,Oc1cc(O)c(C=Nc2ccc(OCc3ccccc3)cc2)c(O)c1,4.62160209905186,4.725090408325196,25,3,2.18171710497267,0.81061800655543
656,CCN(CC)C(=O)COc1ccc(-c2cc(=O)c3c(O)c(O)c(O)cc3o2)cc1,4.09001630506016,4.3265509605407715,29,3,1.6216290559240178,0.9895920846376407
79,S=c1[nH]nc(-c2ccccc2)o1,4.04682039893437,4.172283601760864,12,0,,1.0450358366874386
1716,O=S(C=Cc1ccc(O)c(O)c1)Cc1ccc(C(F)(F)F)cc1,5.10790539730952,4.958824729919433,23,2,2.445156856888849,0.8851563198532536
1468,COC(c1ccc(O)cc1)C(Oc1ccc(C=Cc2cc(O)c3c(c2)OC(C)(C)CC3)cc1)c1cc(O)c(CC=C(C)C)c(O)c1,3.73313355877882,4.272537136077881,46,4,1.7525262916369142,0.9564900635688834
1350,Cc1ccccc1NNC(=O)CCC(N)C(=O)O,4.60500789891015,4.271142768859863,18,0,,0.7136176711283229
148,CC1=NC(=S)N(n2c(CCl)nc3ccccc3c2=O)C(=O)C1N=Nc1ccc(O)c(O)c1,5.85387196432176,5.445934200286866,32,2,2.4405208475409252,0.9093694331400884
7,COc1cc(C=Nc2c(C)n(C)n(-c3ccccc3)c2=O)ccc1O,5.94692155651658,5.562922477722168,25,1,3.0165228344623762,0.9490087458019472
1605,C=CCc1cc(NC(=O)C2CCCC2)ccc1OCC=C(C)CCC=C(C)CCC=C(C)C,3.33592240981493,3.4530473709106446,33,0,,1.1644523807176508
471,Cc1cc(=O)oc2c(O)c3occc3cc12,4.08884239126002,3.0281347274780273,16,1,4.427445716553514,0.7881992974041204
417,COc1cc(CCc2cc(OC)c(OC)c(OC)c2)ccc1O,4.66154350639539,4.548420143127442,23,1,2.4579161463028245,0.9485105794879559
1830,CCOC(=O)C(NC(=O)C=Cc1ccc(O)c(O)c1)C(C)C,4.70774392864352,4.61528902053833,22,2,1.353253282327036,1.0826952276597968
249,Cc1cc(O)cc(Oc2cc(C)cc(O)c2O)c1,4.28174749990225,4.926936054229737,18,3,0.6987893453346204,0.9844382242436822
496,C=C1CCC2(C(=O)OC3OC(CO)C(O)C(O)C3O)CCC3(C)C(=CCC4C5(C)CCC(OC6OC(C(=O)O)C(O)C(O)C6O)C(C)(CO)C5CCC43C)C2C1,3.4089353929735,4.168079853057861,56,0,,
437,C=CC1C(OC2OC(CO)C(O)C(O)C2O)OC=C(C(=O)O)C1CC1NCCc2c1[nH]c1ccccc21,4.30364361126667,4.2908343315124515,37,0,,1.1691005443937512
758,O=C(C=Cc1ccccc1O)c1ccc(O)cc1O,3.89279003035213,4.349815082550049,19,3,2.1787751533016313,0.7089571618157989
794,O=C(COc1ccccc1)Nc1nnc(-c2cccc(O)c2O)s1,4.77989191195995,4.578895854949951,24,2,2.050591535264657,0.9654429343073699
1393,O=C(C=Cc1ccc(C(=O)Nc2nnc(-c3ccc(O)c(O)c3)s2)cc1)c1ccc(F)cc1,4.74909230029914,4.808698558807373,33,2,3.6092927744926326,0.7618209396599578
1602,CC1OC(OCC2OC(Oc3c(-c4ccc(O)c(O)c4)oc4cc(O)cc(O)c4c3=O)C(OC(=O)C=Cc3ccc(O)cc3)C(O)C2O)C(O)C(O)C1O,4.53461714855158,4.60208911895752,54,5,1.4328836539532128,0.9688594845632174
113,CCOC1Cc2c(C(C)=O)c(O)c3ccccc3c2O1,4.03520092862704,4.763152599334717,20,1,2.01239906051231,0.9687070071414243
1794,COc1cccc(C=NN=C2c3cc([N+](=O)[O-])ccc3-n3c2nc2ccccc2c3=O)c1O,4.54242085300424,4.540333557128906,33,1,1.0271324316683785,0.8473817948187428
1583,CC1=CCCC2C1(C)CCC(C)C2(C)CC1=CC(O)C(SC2CCC3(C)C(=CCC4C3CCC3(C)C(C(C)CCCC(C)C)CCC43)C2)=CC1O,4.14630178822383,4.393415069580078,51,0,,
1283,O=[N+]([O-])c1ccc(Cn2cc(COc3ccc([N+](=O)[O-])cc3I)nn2)cc1,4.45701633694194,4.390427207946777,27,0,,0.6211859010162102
1739,O=C1C(=Cc2ccc(N3CCCC3)cc2)CCc2ccccc21,4.53431978840172,4.172043895721435,23,0,,0.9651550016097543
825,O=C(C=Cc1ccc(O)c(O)c1)OC1CC(O)(C(=O)O)CC(O)C1O,4.48145383735081,4.663396549224854,25,2,1.517661751483038,0.8603526237452582
1435,O=C(C=Cc1ccc(O)cc1)OCCOc1no[n+]([O-])c1S(=O)(=O)c1ccccc1,2.85855022659953,4.057402086257935,30,1,2.3630387121747454,0.8845302073826863
1201,Oc1cc(O)c2c(c1)OC1(c3ccc(O)c(O)c3)Oc3cc(O)c4c(c3C2C1O)OC(c1ccc(O)c(O)c1)C(O)C4c1c(O)cc(O)c2c1OC(c1ccc(O)c(O)c1)C(O)C2,5.21263981134446,4.753377246856689,63,11,0.9057815034933282,1.096077536230804
590,c1cc2c3c(c1)OCC(c1cccc4ccccc14)N3CCC2,4.12378215940836,3.9986929416656496,23,0,,0.9516474088256306
1181,CN(C)c1ccc(C=C2Oc3cc(O)ccc3C2=O)cc1,3.40809301244973,4.207026100158691,21,1,1.2687589111091255,0.8002557678548974
938,O=C(OC1COC(CO)C(O)C1OC(=O)c1cc(O)c(O)c(O)c1)c1cc(O)c(O)c(O)c1,4.72584215073632,4.8896815299987795,33,6,1.131694706466668,1.1624323511779582
466,COc1cc(C=CC(=O)OCC2OC(OCCc3ccc(O)c(O)c3)C(O)C(OC3OC(C)C(O)C(O)C3OC3OCC(O)C(O)C3O)C2O)ccc1O,4.95860731484177,4.7476099014282225,54,3,1.429833718251601,0.9366882437974544
724,CC(C)(C)c1cc(C=CC(=O)NCCC2CCN(Cc3ccc(F)cc3)CC2)cc(C(C)(C)C)c1O,4.24033215531037,4.200390148162842,36,1,9.158787137053443,0.7153911943164105
1009,COC(=O)C1=C(C)NC(C)=C(C(=O)OC)C1c1ccc2c(c1)OCO2,2.75728539461031,2.8271508693695067,25,0,,0.9854470843914837
1873,C=CC(C)(C)c1[nH]c2ccc(CC=C(C)C)cc2c1CC1NC(=O)C(C)NC1=O,3.04000516167158,3.28426251411438,29,0,,0.861727726532899
255,Oc1ccccc1C=Nc1ccccc1O,4.47372130504601,4.640200138092041,16,2,2.3554532386541727,0.5956354105087944
1112,COc1cc(C=NCC2(CC(=O)O)CCCCC2)ccc1O,3.70962277298017,4.0523834228515625,22,1,2.554031255981272,0.7722899780639465
1644,CCOC(=O)C(CC(=O)c1cccc2c1C(=O)c1ccccc1C2=O)=NNC(=S)NCc1cccnc1,4.32882715728492,4.546302795410156,37,0,,0.730956504090554
885,O=c1cc(-c2ccc(O)c(O)c2)oc2cc(OCCOCC3OC(O)C(O)C(O)C3O)cc(O)c12,4.73282827159699,5.002078342437744,35,3,1.581247364840116,1.2217538815705349
801,CN1CC(O)(c2ccc(-c3cc(C(C)(C)C)c(O)c(C(C)(C)C)c3)cc2)Sc2ccccc21,4.46852108295774,4.495238494873047,33,1,3.925595914521888,0.9216178258810337
588,CC1Oc2cccc3c2N(CCC3)C1c1ccccc1,4.02045162529591,4.02964301109314,20,0,,0.7991169178466716
1176,CN(C)c1ccc(C=C2Oc3ccc(O)cc3C2=O)cc1,3.06356345856689,4.320047760009766,21,1,1.4402050735347558,0.7350400212577477
556,Cc1cc(O)c(C(C)(C)C)cc1N=Cc1ccc(F)cc1,4.02473408091535,4.231670665740967,21,1,3.6954717502906855,0.7153259100462427
231,COc1cc(CN(CCCO)Cc2ccc(O)c(OC)c2)ccc1O,4.86486734862322,4.890655136108398,25,2,2.1829820486038325,0.9277737608150968
114,CCCOC1Cc2c(C(C)=O)c(O)c3ccccc3c2O1,4.93437711451528,4.778062057495117,21,1,2.0572335669552944,1.0490984639820284
410,COc1cc(CC(O)c2cc(OC)c(O)c(OC)c2)ccc1O,4.70114692359029,4.80766658782959,23,2,1.9409151737448256,0.8849068839305625
1102,Clc1ccc(-c2nnc(-c3ccncc3)o2)cc1,4.45638962757184,4.3876872062683105,18,0,,1.0547890318170683
791,CN1CC(O)(c2ccc(-c3ccccc3)cc2)SC2CCCCC21,3.56703070912559,3.8229167461395264,24,0,,0.7154531748125526
1831,CCOC(=O)C(CC(C)C)NC(=O)C=Cc1ccc(O)c(O)c1,4.54363396687096,4.668787002563477,23,2,2.976343099500193,0.8428395587487169
460,COC(=O)C1OC(Oc2c(O)cc(O)c3c(=O)cc(-c4ccc(O)cc4)oc23)C(O)C(O)C1O,4.15989390554324,4.191945171356201,34,3,1.5481396339239903,0.7934552739477995
264,NS(=O)(=O)c1ccc(-n2c(SCC(=O)NCCN3CCOCC3)nc3ccccc3c2=O)cc1,4.15614457737684,4.184392070770263,34,0,,0.9719688656866785
1231,CC(C)(O)CCC(O)C(C)(O)C1CCC2(O)C3=CC(=O)C4CC(O)C(O)CC4(C)C3CCC12C,3.48916056645493,4.247089958190918,34,0,,
1401,O=C(C=Cc1ccc(C(=O)Nc2nnc(-c3ccc(O)c(O)c3)s2)cc1)c1ccccc1,4.91973437266016,4.844623851776123,32,2,3.4762603493829367,0.7326183411025338
388,CC(=O)N1N=C(c2ccncc2)CC1c1c(-c2ccccc2)[nH]c2ccccc12,3.5867421031677,3.952069807052612,29,0,,0.8254508842406044
221,c1ccc(CN(Cc2ccccc2)c2ccc(N(Cc3ccccc3)Cc3ccccc3)cc2)cc1,3.84073366890651,3.999222183227539,36,0,,0.7702634397879938
80,CCOc1ccccc1NCn1nc(-c2ccc3c(c2)OCCO3)oc1=S,4.64975198166584,4.556457138061523,27,0,,1.0973264833823249
1124,COc1cc(C=CC(=O)CC(=O)C=Cc2ccc(O)c(OC)c2)ccc1O,4.48971578259932,4.475913238525391,27,2,2.7348375509890532,0.7054602028545162
387,O=C(c1ccccc1)N1N=C(c2ccncc2)CC1c1c(-c2ccccc2)[nH]c2ccccc12,3.61523261103394,3.901258039474487,34,0,,0.8104800601758764
1565,COc1c(O)cc(CCc2ccccc2)cc1O,3.81389219924572,4.421738195419311,18,2,3.0333104920454748,0.7805781385402245
1226,Cc1cccc2nc(-c3ccc(C(=O)NN=Cc4ccco4)cc3)[nH]c12,3.7444380617091,4.027146196365356,26,0,,1.0394221891156707
1678,O=C(NC(=S)Nc1ncccn1)c1ccccc1,3.55909091793478,3.4649916172027586,18,0,,0.5959929460039547
1007,COc1cc(OC2OC(CO)C(OC)C(O)C2O)c(CC=C(C)C)c(O)c1C(=O)C=Cc1ccc(O)cc1,5.04287180232319,5.482781410217285,38,2,1.6255972648421233,0.9312450163476624
565,Cc1cc(O)c(C(C)C)cc1N=Cc1ccc2c(c1)OCO2,4.39597305890178,4.182037019729615,22,1,3.509300114742746,0.8035521535767148
1642,COc1cccc(Cc2nnc3sc(-c4ccc(Cl)cc4)nn23)c1,5.04383156952464,4.393257808685303,24,0,,0.9426221951723137
1196,O=C(NC(CS)C(=O)N(C(=O)NC1CCCCC1)C1CCCCC1)C(=Cc1ccc(Cl)cc1)NC(=O)c1ccccc1,4.24313577593945,4.258028984069824,42,0,,0.8394657368471318
1834,COc1ccc(C2SCC(=O)N2c2ccc3nc(Cc4ccc(O)cc4)c(=O)[nH]c3c2)cc1,4.70774392864352,3.9359975814819337,33,1,1.208436035128588,0.9301908637959488
1217,Cc1cccc2nc(-c3ccc(C(=O)NN=Cc4ccccn4)cc3)[nH]c12,4.02544225514642,4.019733715057373,27,0,,1.02432812208962
1705,O=S(=O)(C=Cc1ccc(O)c(O)c1)CCCCc1ccccc1,4.76447155309245,5.253658294677734,23,2,1.5815742090405593,0.7579922035925276
110,CN1CC(O)(c2ccc3c(c2)Nc2ccccc2S3)Sc2ccccc21,4.11350927482752,3.6325047492980955,26,0,,0.6383824459183877
48,Cc1ccc2[nH]c(=O)c(C=NCCO)cc2c1,3.30311090062194,3.36053352355957,17,0,,1.2148763584026299
1680,O=C(NC(=S)Nc1ccc(C(F)(F)F)cc1)c1ccccc1,3.94309514866353,3.8914074420928957,22,0,,0.7801943333095854
118,CCOC1Oc2c(c(C(C)=O)c(O)c3ccccc23)C1C,3.6608718491188,4.095168685913086,21,1,1.3493604590517931,1.1353656493514825
1443,CCCC(CC)=NNc1nc(-c2cccc([N+](=O)[O-])c2)cs1,2.9100948885606,2.7956888675689697,22,0,,0.6934212004807673
1028,COc1cc2c(c(OC)c1O)-c1ccc(O)cc1CC2,4.42305452668071,4.171576499938965,20,2,2.305351138787731,0.8403863964294297
693,CCOC(c1ccc(OC(CO)C(O)c2ccc(O)c(OC)c2)c(OC)c1)C(CO)c1ccc(O)c(OC)c1,4.17236929827565,4.298894023895263,39,2,1.3211845005958667,1.1392742142574828
1037,COc1cccc(COc2ccc3cc(C(=O)C=Cc4ccc(C)cc4)c(=O)oc3c2)c1,2.58004425151024,3.194575881958008,32,0,,0.8459990188599281
947,Oc1ccc(C2c3c(O)cc(O)cc3C3C(c4ccc(O)cc4)c4c(O)cc(O)cc4C23)cc1,3.78172714642855,4.500061511993408,34,6,1.4425879422379575,0.7675787717481413
1319,Nc1nc(Nc2ccccc2)sc1C(=O)c1cc2ccccc2oc1=O,3.86228437734863,4.081199741363525,26,0,,0.9719474242564135
8,COc1ccc(C=Nc2c(C)n(C)n(-c3ccccc3)c2=O)cc1OC,5.13846558914096,5.309419918060303,26,0,,0.8792767112233468
1741,O=C1c2c3c(cc(O)c2C(O)C2OC12)-c1ccc(O)c2c(O)ccc-3c12,5.50863830616573,4.914054012298584,26,3,1.2188637861077636,0.9325142991510281
1136,CCOC(=O)CNC(=O)C=Cc1ccc(O)c(OC)c1,4.18990195931886,4.532986164093018,20,1,1.5012836564995036,0.821956464616311
266,NS(=O)(=O)c1ccc(-n2c(SCC(=O)Nc3nc4ccc([N+](=O)[O-])cc4s3)nc3ccccc3c2=O)cc1,4.02314585342378,4.19908332824707,38,0,,0.8933611601872897
1619,CSc1ccc(-c2[nH]c(=S)[nH]c2-c2ccccc2)cc1,4.04575749056067,4.235071420669556,20,0,,1.0658463629162478
1423,COc1cc(O)c2c(=O)c(OC3OC(C)C(O)C(O)C3O)c(-c3cc(O)c(O)c(O)c3)oc2c1O,5.00436480540245,4.790566539764404,35,5,1.1270670883409097,0.9419664369946956
1865,COCc1c(Br)c(O)c(O)c(Br)c1Cc1c(Br)c(O)c(O)c(Br)c1Br,4.97881070093006,5.276999473571777,25,4,1.0515675473715882,1.080263115862184
738,CC(C)NC(=O)C=Cc1ccc(O)c2oc(-c3ccc(O)c(O)c3)cc12,5.1791420105603,5.399042224884033,26,3,1.0282098563639022,1.0865316362368376
1891,COCc1cc(O)ccc1O,5.0087739243075,5.716724014282226,11,2,3.8209516499619594,0.5313114743571523
1538,O=C1C(=Cc2ccc(O)c(O)c2)Oc2cc(O)ccc21,4.22485946865416,4.433617210388183,20,3,1.338812487192265,0.9165158680750297
1803,O=C(C=Cc1cc(O)ccc1O)CC(=O)C=Cc1cccc(O)c1O,4.56863623584101,4.593547916412353,25,4,2.1334311584772827,0.6676793713609454
595,CC(=O)Oc1c(OC(C)=O)c(-c2ccc(O)c(O)c2)c(O)c(O)c1-c1ccc(O)cc1,4.95860731484177,4.914794540405273,31,5,1.1517188946218218,0.9085619708096581
1320,COc1ccc(Nc2nc(N)c(C(=O)c3cc4ccccc4oc3=O)s2)cc1,3.9960438488202,4.369553852081299,28,0,,0.8212738823981173
1515,CCCCOC(=O)Cc1cc(Br)c(O)c(Br)c1,4.79290445958078,4.427064037322998,17,1,2.6917731344301488,1.4664087677716466
1863,Oc1c(O)c(Br)c(Cc2c(Br)c(O)c(O)c(Br)c2Br)c(Br)c1Br,5.09151498112135,5.249134635925293,23,4,1.2636233785162994,0.9280882310753635
1889,C=CC(C)(C)c1[nH]c2ccc(CC(Cl)C(C)(C)O)cc2c1C=C1NC(=O)C(C)NC1=O,4.01322826573375,4.0698141098022464,31,0,,0.9047831546613939
353,COc1cc(C=Cc2nc3ccccc3n(CC(=O)O)c2=O)ccc1O,4.61798295742513,3.685278844833374,26,1,3.5281976843014946,0.8213074073996042
454,O=C(C=Cc1ccccc1)OC1C(c2c(O)cc3oc4cc(O)c(O)cc4c(=O)c3c2O)OC(CO)C(O)C1O,4.5036239459876,4.410189914703369,40,4,1.063084915329453,0.8746202140154354
124,COc1c(-c2ccc(O)cc2)c(C)nn1-c1ccccc1,3.87906938571084,4.3326271057128904,21,1,5.957233314300543,0.804876972846361
937,O=C(OC1COC(CO)C(O)C1O)c1cc(O)c(O)c(O)c1,4.51584257563462,4.4213460922241214,22,3,1.5787333017227667,0.8304851317535257
658,O=c1cc(-c2ccc(OCCN3CCOCC3)cc2)oc2cc(O)c(O)c(O)c12,3.57905459407803,3.8667842864990236,29,3,1.5973242375633465,1.2640441441885404
680,Oc1c(I)cc(Cl)c2cccnc12,4.39147396642281,4.460719203948974,13,1,1.1172216037898532,1.046504881083397
1757,CCOc1cc(OC)ccc1C(C)=O,1.40230481407449,1.3817936897277832,14,0,,0.581935634544768
1100,O=[N+]([O-])c1ccc(-c2nnc(-c3ccncc3)o2)cc1,4.33259232003704,4.509687519073486,20,0,,0.7439133723782169
177,CCOC(=O)C1C(=O)C=C(c2ccc(OC)cc2OC)CC1c1cccc([N+](=O)[O-])c1,3.33731763333001,3.2392245292663575,31,0,,0.5332147866013467
722,CC(C)(C)c1cc(C=CC(=O)NCCC2CCN(Cc3ccccc3F)CC2)cc(C(C)(C)C)c1O,4.25258819211358,4.204495191574097,36,1,3.491706394262583,0.82551811002483
1756,CCCCCCCCCCCCCCCCOc1cc(OC)c(Br)cc1C(C)=O,2.18708664335714,2.0022162199020386,29,0,,1.752270577578474
1195,COc1ccc(C=C(NC(=O)c2ccccc2)C(=O)NC(CS)C(=O)N(C(=O)NC2CCCCC2)C2CCCCC2)cc1,4.05227227303668,4.042224502563476,43,0,,0.8235897348093983
1568,COc1cc(CCc2cc(O)cc(O)c2)ccc1O,3.8689315046311,4.708886432647705,19,3,1.5062415273216747,0.8763734686661935
1398,Cc1ccc(C(=O)C=Cc2ccc(C(=O)Nc3nnc(-c4ccc(O)c(O)c4)s3)cc2)cc1,4.92775010238649,4.83193416595459,33,2,2.884829476862529,0.726759186140736
1569,COc1cc(CCc2ccccc2O)cc(OC)c1O,3.9788333198453,4.896491241455078,20,2,1.4910111060869102,0.6487434998240416
605,O=C(CCCc1nc2ccccc2c(=O)[nH]1)NN=Cc1ccccc1,0.245651664288981,0.2915594279766083,25,0,,1.025598333049848
1607,C=CCc1cc(NC(=O)C2CC2)ccc1OCC=C(C)CCC=C(C)CCC=C(C)C,5.05060999335509,3.436547136306763,31,0,,1.0322754126650624
1428,COc1cc(C2Oc3cc(C4Oc5cc(O)cc(O)c5C(=O)C4O)ccc3OC2COC(=O)CCCCCCCCCCC(=O)OCC(O)C2OC(=O)C(O)=C2O)ccc1O,4.68613277963085,3.685254764556885,61,3,1.3838665017792653,1.4084250302620558
75,Fc1cccc(NCn2nc(-c3ccc4c(c3)OCCO4)oc2=S)c1,4.44903824770182,4.632822799682617,25,0,,1.0755272745328175
1855,Oc1cc2c(c(Br)c1O)COCc1cc(O)c(O)c(Br)c1-2,5.09151498112135,4.627674579620361,21,4,1.7023654789452738,0.9154651153138508
711,O=C1CC(c2cc(O)c(O)c(-c3c(O)cc(O)c4c(=O)cc(-c5ccc(O)c(O)c5)oc34)c2)Oc2cc(O)cc(O)c21,3.89346914617762,4.512669277191162,42,8,1.2322193610240277,0.8916661765613825
