index_unsubstituted,index_hydroxylated,smiles_unsubstituted,smiles_hydroxylated,observed_delta,predicted_delta
1,4,Cc1c(N=Cc2ccccc2)c(=O)n(-c2ccccc2)n1C,Cc1c(N=Cc2ccc(O)cc2)c(=O)n(-c2ccccc2)n1C,0.22083112441949027,-0.2951535074479201
4,6,Cc1c(N=Cc2ccc(O)cc2)c(=O)n(-c2ccccc2)n1C,Cc1c(N=Cc2ccc(O)c(O)c2)c(=O)n(-c2ccccc2)n1C,1.3056749007097492,0.6654540801112683
4,9,Cc1c(N=Cc2ccc(O)cc2)c(=O)n(-c2ccccc2)n1C,Cc1c(N=Cc2ccc(O)cc2O)c(=O)n(-c2ccccc2)n1C,0.8762178405916394,0.6807072826297036
9,11,Cc1c(N=Cc2ccc(O)cc2O)c(=O)n(-c2ccccc2)n1C,Cc1c(N=Cc2c(O)cc(O)cc2O)c(=O)n(-c2ccccc2)n1C,0.7544873321858505,-0.30826388228308765
69,71,COc1cccc(C=NNC(=S)NC2OC(COC(C)=O)C(OC(C)=O)C(OC(C)=O)C2OC(C)=O)c1,COc1cc(C=NNC(=S)NC2OC(COC(C)=O)C(OC(C)=O)C(OC(C)=O)C2OC(C)=O)ccc1O,0.5658478186735199,0.2484618503950018
123,124,COc1c(-c2ccccc2)c(C)nn1-c1ccccc1,COc1c(-c2ccc(O)cc2)c(C)nn1-c1ccccc1,-0.03517190572503992,0.18075342155350693
152,148,CC1=NC(=S)N(n2c(CCl)nc3ccccc3c2=O)C(=O)C1N=Nc1ccc(O)cc1,CC1=NC(=S)N(n2c(CCl)nc3ccccc3c2=O)C(=O)C1N=Nc1ccc(O)c(O)c1,0.58626572414473,0.3384942653290022
152,151,CC1=NC(=S)N(n2c(CCl)nc3ccccc3c2=O)C(=O)C1N=Nc1ccc(O)cc1,CC1=NC(=S)N(n2c(CCl)nc3ccccc3c2=O)C(=O)C1N=Nc1ccc(O)cc1O,0.41017446508904953,-0.32863932367738524
157,160,CCC(c1ccc(O)c(OC)c1)c1ccccc1O,CCC(c1ccc(O)c(OC)c1)c1cccc(O)c1O,0.13033376849499945,0.264388065720337
157,162,CCC(c1ccc(O)c(OC)c1)c1ccccc1O,CCC(c1ccc(O)c(OC)c1)c1ccc(O)cc1O,0.06703924188895005,-0.012095103276814179
163,980,Oc1ccc(N=Cc2ccccc2)cc1,Oc1ccc(C=Nc2ccc(O)cc2)cc1,0.029548760335479596,0.18423146371590615
168,172,O=C(C=Cc1cccc([N+](=O)[O-])c1)c1ccccc1,O=C(C=Cc1cccc([N+](=O)[O-])c1)c1ccc(O)cc1,0.2773235765348301,0.31248361338173947
174,178,CCOC(=O)C1C(=O)C=C(c2ccccc2)CC1c1cccc([N+](=O)[O-])c1,CCOC(=O)C1C(=O)C=C(c2ccc(O)cc2)CC1c1cccc([N+](=O)[O-])c1,-0.006389571791880044,0.5842309993070405
180,184,O=C1NN=C2C=C(c3ccccc3)CC(c3cccc([N+](=O)[O-])c3)C12,O=C1NN=C2C=C(c3ccc(O)cc3)CC(c3cccc([N+](=O)[O-])c3)C12,0.26667535732470027,-0.12200798677049107
186,190,O=C1ON=C2C=C(c3ccccc3)CC(c3cccc([N+](=O)[O-])c3)C12,O=C1ON=C2C=C(c3ccc(O)cc3)CC(c3cccc([N+](=O)[O-])c3)C12,0.20917418574808,0.35720309240250847
192,196,COc1c(-c2ccc(O)c(O)c2)oc2cc(OCCN3CCCCC3)cc(O)c2c1=O,COc1c(-c2cc(O)c(O)c(O)c2)oc2cc(OCCN3CCCCC3)cc(O)c2c1=O,-0.10347713288890059,0.09530579142758189
193,197,COc1c(-c2ccc(O)c(O)c2)oc2cc(OCCN3CCCC3)cc(O)c2c1=O,COc1c(-c2cc(O)c(O)c(O)c2)oc2cc(OCCN3CCCC3)cc(O)c2c1=O,0.05072120402688007,-0.029785978903739796
194,198,COc1c(-c2ccc(O)c(O)c2)oc2cc(OCCN3CCOCC3)cc(O)c2c1=O,COc1c(-c2cc(O)c(O)c(O)c2)oc2cc(OCCN3CCOCC3)cc(O)c2c1=O,0.2589346496860401,0.07742391555944295
195,199,CCN(CC)CCOc1cc(O)c2c(=O)c(OC)c(-c3ccc(O)c(O)c3)oc2c1,CCN(CC)CCOc1cc(O)c2c(=O)c(OC)c(-c3cc(O)c(O)c(O)c3)oc2c1,0.07655327593951,0.12577657274872056
200,202,COc1c(-c2ccc(O)c(O)c2)oc2cc(O)cc(OCCN3CCCC3)c2c1=O,COc1c(-c2cc(O)c(O)c(O)c2)oc2cc(O)cc(OCCN3CCCC3)c2c1=O,0.49227259879228047,0.05969636083572816
205,216,Oc1ccccc1N=Cc1ccccc1,Oc1cccc(C=Nc2ccccc2O)c1,-0.10385770621377954,0.11459428050011855
205,246,Oc1ccccc1N=Cc1ccccc1,Oc1ccc(C=Nc2ccccc2O)cc1,0.08525932454988006,-0.0020297306340539834
205,255,Oc1ccccc1N=Cc1ccccc1,Oc1ccccc1C=Nc1ccccc1O,-0.036593296636549866,0.07828571970313725
216,297,Oc1cccc(C=Nc2ccccc2O)c1,Oc1ccc(C=Nc2ccccc2O)cc1O,0.4775408630453093,0.09583625181082311
222,896,Cc1cc2c(O)c3c(c(O)c2o1)C1(C)CCC2CC2(C)C1=C(O)C3=O,CC12CCC3CC3(C)C1=C(O)C(=O)c1c2c(O)c2oc(CO)cc2c1O,-0.2639586842884003,0.07526021119258441
223,898,CC1Cc2c(O)c3c(c(O)c2O1)C1(C)CCC2CC2(C)C1=C(O)C3=O,CC1Oc2c(O)c3c(c(O)c2C1O)C(=O)C(O)=C1C3(C)CCC2CC12C,0.06249244820436939,-0.11837360868166069
227,230,CCCCN(Cc1ccc(O)c(OC)c1)Cc1ccc(O)c(OC)c1,COc1cc(CN(CCCCO)Cc2ccc(O)c(OC)c2)ccc1O,0.018224820106199857,0.04844528941354831
236,237,COC(=O)C(Cc1ccccc1)NC(=O)C=Cc1ccc(O)c2oc(-c3ccc(O)c(O)c3)cc12,COC(=O)C(Cc1ccc(O)cc1)NC(=O)C=Cc1ccc(O)c2oc(-c3ccc(O)c(O)c3)cc12,-0.7368839208279292,0.2947686152542506
237,234,COC(=O)C(Cc1ccc(O)cc1)NC(=O)C=Cc1ccc(O)c2oc(-c3ccc(O)c(O)c3)cc12,COC(=O)C(Cc1ccc(O)c(O)c1)NC(=O)C=Cc1ccc(O)c2oc(-c3ccc(O)c(O)c3)cc12,0.9068750717951399,-0.1996788711519093
242,243,O=C(C=Cc1ccc(O)c2oc(-c3ccc(O)c(O)c3)cc12)NC(Cc1ccccc1)C(=O)O,O=C(C=Cc1ccc(O)c2oc(-c3ccc(O)c(O)c3)cc12)NC(Cc1ccc(O)cc1)C(=O)O,-0.1876549902707998,-0.27214286560585776
243,233,O=C(C=Cc1ccc(O)c2oc(-c3ccc(O)c(O)c3)cc12)NC(Cc1ccc(O)cc1)C(=O)O,O=C(C=Cc1ccc(O)c2oc(-c3ccc(O)c(O)c3)cc12)NC(Cc1ccc(O)c(O)c1)C(=O)O,0.10885363263493009,0.2296590677215571
246,285,Oc1ccc(C=Nc2ccccc2O)cc1,Oc1ccc(C=Nc2ccccc2O)c(O)c1,-0.22986057221253997,0.1419067088820185
246,297,Oc1ccc(C=Nc2ccccc2O)cc1,Oc1ccc(C=Nc2ccccc2O)cc1O,0.2884238322816497,0.21246026294499565
255,285,Oc1ccccc1C=Nc1ccccc1O,Oc1ccc(C=Nc2ccccc2O)c(O)c1,-0.10800795102611005,0.061591258544827276
299,311,c1ccc2c(c1)Cc1c-2[nH]c2ccccc12,Oc1cccc2c1Cc1c-2[nH]c2ccccc12,0.29199622061639996,0.5489873881794618
299,312,c1ccc2c(c1)Cc1c-2[nH]c2ccccc12,Oc1ccc2c(c1)Cc1c-2[nH]c2ccccc12,0.7844729201514702,0.1750177920782381
299,313,c1ccc2c(c1)Cc1c-2[nH]c2ccccc12,Oc1ccc2c(c1)-c1[nH]c3ccccc3c1C2,0.4137932133764499,0.5228614447819901
299,314,c1ccc2c(c1)Cc1c-2[nH]c2ccccc12,Oc1cccc2c1-c1[nH]c3ccccc3c1C2,0.84636326369306,0.11322581383925723
311,315,Oc1cccc2c1Cc1c-2[nH]c2ccccc12,Oc1ccc2c(c1O)Cc1c-2[nH]c2ccccc12,0.6135139008672499,-0.2749649848718425
311,316,Oc1cccc2c1Cc1c-2[nH]c2ccccc12,Oc1ccc(O)c2c1Cc1c-2[nH]c2ccccc12,0.5135876244662998,-0.38809395515655876
312,315,Oc1ccc2c(c1)Cc1c-2[nH]c2ccccc12,Oc1ccc2c(c1O)Cc1c-2[nH]c2ccccc12,0.12103720133217966,0.0990046112293812
312,317,Oc1ccc2c(c1)Cc1c-2[nH]c2ccccc12,Oc1cc2c(cc1O)-c1[nH]c3ccccc3c1C2,-0.3715506253300105,0.23510549531290925
312,318,Oc1ccc2c(c1)Cc1c-2[nH]c2ccccc12,Oc1cc(O)c2c(c1)Cc1c-2[nH]c2ccccc12,-0.7652807698931405,0.2832946796579381
313,317,Oc1ccc2c(c1)-c1[nH]c3ccccc3c1C2,Oc1cc2c(cc1O)-c1[nH]c3ccccc3c1C2,-0.0008709185549902188,-0.11273815739084281
314,316,Oc1cccc2c1-c1[nH]c3ccccc3c1C2,Oc1ccc(O)c2c1Cc1c-2[nH]c2ccccc12,-0.040779418610360274,0.047667619183645815
314,318,Oc1cccc2c1-c1[nH]c3ccccc3c1C2,Oc1cc(O)c2c(c1)Cc1c-2[nH]c2ccccc12,-0.8271711134347304,0.34508665789691895
377,380,O=C(CC(c1ccccc1)c1c[nH]c2ccccc12)c1c(O)c2ccccc2oc1=O,O=C(CC(c1ccc(O)cc1)c1c[nH]c2ccccc12)c1c(O)c2ccccc2oc1=O,-0.6601176903335304,0.016901332838446415
380,379,O=C(CC(c1ccc(O)cc1)c1c[nH]c2ccccc12)c1c(O)c2ccccc2oc1=O,O=C(CC(c1ccc(O)c(O)c1)c1c[nH]c2ccccc12)c1c(O)c2ccccc2oc1=O,-0.06552355313834957,0.2306658542638491
411,1322,COc1ccc(C=Nc2ccccc2O)cc1,COc1ccc(C=Nc2ccccc2O)cc1O,0.003554088449810422,-0.024160562823295706
414,410,COc1cc(CCc2cc(OC)c(O)c(OC)c2)ccc1O,COc1cc(CC(O)c2cc(OC)c(O)c(OC)c2)ccc1O,-0.13748507417473022,0.0698999664009019
433,438,C=CC1C(OC2OC(CO)C(O)C(O)C2O)OC=C(C(=O)OC)C1Cc1nc(C(=O)O)cc2c1[nH]c1ccccc12,C=CC1C(OC2OC(CO)C(O)C(O)C2O)OC=C(C(=O)OC)C1Cc1nc(C(=O)O)cc2c1[nH]c1ccc(O)cc12,0.43564945589296045,-0.41818367348923235
451,450,O=C(OC1C(c2c(O)cc3oc4cc(O)c(O)cc4c(=O)c3c2O)OC(CO)C(O)C1O)c1ccccc1,O=C(OC1C(c2c(O)cc3oc4cc(O)c(O)cc4c(=O)c3c2O)OC(CO)C(O)C1O)c1ccc(O)cc1,0.026594969041179972,0.031683619681155406
453,449,O=C(C=Cc1ccc(O)cc1)OC1C(c2c(O)cc3oc4cc(O)c(O)cc4c(=O)c3c2O)OC(CO)C(O)C1O,O=C(C=Cc1ccc(O)c(O)c1)OC1C(c2c(O)cc3oc4cc(O)c(O)cc4c(=O)c3c2O)OC(CO)C(O)C1O,0.15502386720953965,0.09759340970126207
454,453,O=C(C=Cc1ccccc1)OC1C(c2c(O)cc3oc4cc(O)c(O)cc4c(=O)c3c2O)OC(CO)C(O)C1O,O=C(C=Cc1ccc(O)cc1)OC1C(c2c(O)cc3oc4cc(O)c(O)cc4c(=O)c3c2O)OC(CO)C(O)C1O,0.09068826733961988,-0.0025209856703547473
455,456,O=C(O)C1OC(Oc2c(O)cc(O)c3c(=O)cc(-c4ccc(O)cc4)oc23)C(O)C(OS(=O)(=O)O)C1O,O=C(O)C1OC(Oc2c(O)cc(O)c3c(=O)cc(-c4ccc(O)c(O)c4)oc23)C(O)C(OS(=O)(=O)O)C1O,0.45297725174068004,-0.22861123061544975
457,458,O=C(O)C1OC(Oc2c(O)cc(O)c3c(=O)cc(-c4ccc(O)cc4)oc23)C(O)C(O)C1O,O=C(O)C1OC(Oc2c(O)cc(O)c3c(=O)cc(-c4ccc(O)c(O)c4)oc23)C(O)C(O)C1O,0.06822412726289961,0.03550644400818559
529,530,O=c1cc(-c2ccccc2)oc2cc(O)c(O)c(O)c12,O=c1cc(-c2ccc(O)cc2)oc2cc(O)c(O)c(O)c12,0.1689104885609396,-0.361583345978711
531,532,O=c1cc(-c2ccc(O)c(O)c2)oc2cc(O)cc(O)c12,O=c1c(O)c(-c2ccc(O)c(O)c2)oc2cc(O)cc(O)c12,-0.3055241427776103,-0.09839380290249267
548,859,Cc1cc(N=Cc2ccccc2)c(C(C)C)cc1O,Cc1cc(N=Cc2ccccc2O)c(C(C)C)cc1O,0.23843219170085028,0.2266272891658776
548,861,Cc1cc(N=Cc2ccccc2)c(C(C)C)cc1O,Cc1cc(N=Cc2ccc(O)cc2)c(C(C)C)cc1O,0.28948195077470995,0.2963183264890237
552,566,Oc1cc(O)c2c(c1)OC(c1ccc(O)c(O)c1)C(O)C2,Oc1cc(O)c2c(c1)OC(c1cc(O)c(O)c(O)c1)C(O)C2,0.30550322444165,0.2452072062070032
562,920,Cc1cc(O)c(C(C)(C)C)cc1N=Cc1ccccc1,Cc1cc(O)c(C(C)(C)C)cc1N=Cc1ccccc1O,0.20475386181198996,0.3220342050076237
562,943,Cc1cc(O)c(C(C)(C)C)cc1N=Cc1ccccc1,Cc1cc(O)c(C(C)(C)C)cc1N=Cc1ccc(O)cc1,0.2461918277624502,0.30130930846034687
576,857,Cc1cc(O)c(C(C)C)cc1N=Cc1ccccc1,Cc1cc(O)c(C(C)C)cc1N=Cc1ccccc1O,0.17449792736851055,0.3052026453189871
576,860,Cc1cc(O)c(C(C)C)cc1N=Cc1ccccc1,Cc1cc(O)c(C(C)C)cc1N=Cc1ccc(O)cc1,0.2550896963839202,0.26905826595624394
577,699,O=c1ccc2ccc(O)cc2o1,O=c1ccc2cc(O)c(O)cc2o1,-2.977953243685409,-1.597508777023028
577,703,O=c1ccc2ccc(O)cc2o1,O=c1ccc2ccc(O)c(O)c2o1,-2.836180797513815,-1.7925317263441412
594,595,CC(=O)Oc1c(OC(C)=O)c(-c2ccc(O)cc2)c(O)c(O)c1-c1ccc(O)cc1,CC(=O)Oc1c(OC(C)=O)c(-c2ccc(O)c(O)c2)c(O)c(O)c1-c1ccc(O)cc1,0.6020599913279598,-0.22454860591344605
604,610,O=C(CCc1nc2ccccc2c(=O)[nH]1)NN=Cc1ccccc1,O=C(CCc1nc2ccccc2c(=O)[nH]1)NN=Cc1ccc(O)cc1,0.48911910285955906,-0.537457270383399
605,611,O=C(CCCc1nc2ccccc2c(=O)[nH]1)NN=Cc1ccccc1,O=C(CCCc1nc2ccccc2c(=O)[nH]1)NN=Cc1ccc(O)cc1,0.423934562361828,0.21071576029960082
610,614,O=C(CCc1nc2ccccc2c(=O)[nH]1)NN=Cc1ccc(O)cc1,O=C(CCc1nc2ccccc2c(=O)[nH]1)NN=Cc1ccc(O)c(O)c1,0.323498513573092,0.4530335837507101
611,615,O=C(CCCc1nc2ccccc2c(=O)[nH]1)NN=Cc1ccc(O)cc1,O=C(CCCc1nc2ccccc2c(=O)[nH]1)NN=Cc1ccc(O)c(O)c1,0.3526901680603409,0.2827312997348209
614,624,O=C(CCc1nc2ccccc2c(=O)[nH]1)NN=Cc1ccc(O)c(O)c1,O=C(CCc1nc2ccccc2c(=O)[nH]1)NN=Cc1cc(O)c(O)c(O)c1,0.14459342460476998,0.08648130614330207
615,625,O=C(CCCc1nc2ccccc2c(=O)[nH]1)NN=Cc1ccc(O)c(O)c1,O=C(CCCc1nc2ccccc2c(=O)[nH]1)NN=Cc1cc(O)c(O)c(O)c1,0.08562900259837014,0.20489770038018484
616,620,COc1cc(C=NNC(=O)CCc2nc3ccccc3c(=O)[nH]2)ccc1O,COc1cc(C=NNC(=O)CCc2nc3ccccc3c(=O)[nH]2)cc(O)c1O,0.29259682812711896,0.269858138445805
617,621,COc1cc(C=NNC(=O)CCCc2nc3ccccc3c(=O)[nH]2)ccc1O,COc1cc(C=NNC(=O)CCCc2nc3ccccc3c(=O)[nH]2)cc(O)c1O,0.42842933081993695,0.19373625888558665
683,681,Oc1ccccc1N=Cc1c(O)ccc2ccccc12,Oc1ccc(N=Cc2c(O)ccc3ccccc23)c(O)c1,0.45512696101349004,0.038739997446396224
684,682,Oc1cccc(CNc2ccccc2O)c1,Oc1ccc(CNc2ccccc2O)cc1O,0.28433826190081923,-0.270433937277029
685,682,Oc1ccc(CNc2ccccc2O)cc1,Oc1ccc(CNc2ccccc2O)cc1O,0.31296770148393005,-0.404230769122619
690,897,Cc1cc2c(O)c3c(c(O)c2o1)C1(C)CCCC(C)(C)C1=C(O)C3=O,CC1(C)CCCC2(C)C1=C(O)C(=O)c1c2c(O)c2oc(CO)cc2c1O,-0.1983676537668302,-0.004361053101563428
691,899,CC1Cc2c(O)c3c(c(O)c2O1)C1(C)CCCC(C)(C)C1=C(O)C3=O,CC1Oc2c(O)c3c(c(O)c2C1O)C(=O)C(O)=C1C(C)(C)CCCC13C,-0.11089565922484024,0.07021174013531084
691,904,CC1Cc2c(O)c3c(c(O)c2O1)C1(C)CCCC(C)(C)C1=C(O)C3=O,CC1(C)CCCC2(C)C1=C(O)C(=O)c1c(O)c3c(c(O)c12)OC(CO)C3,-0.19413576174933045,0.11726922072026014
699,696,O=c1ccc2cc(O)c(O)cc2o1,O=c1ccc2c(O)c(O)c(O)cc2o1,1.2157629574588789,0.1350585809545488
699,697,O=c1ccc2cc(O)c(O)cc2o1,O=c1ccc2cc(O)c(O)c(O)c2o1,0.674183713512289,0.4795751739770817
703,697,O=c1ccc2ccc(O)c(O)c2o1,O=c1ccc2cc(O)c(O)c(O)c2o1,0.5324112673406951,0.6745981232981949
703,702,O=c1ccc2ccc(O)c(O)c2o1,O=c1cc(O)c2ccc(O)c(O)c2o1,0.0899134773844491,0.6661439988642862
704,696,O=c1ccc2c(O)c(O)ccc2o1,O=c1ccc2c(O)c(O)c(O)cc2o1,0.9316776786095629,0.4851279859172365
705,707,Oc1cccc(C=Nc2ccc(OCc3ccccc3)cc2)c1O,Oc1ccc(C=Nc2ccc(OCc3ccccc3)cc2)c(O)c1O,-0.5136380885454201,0.19047365403800587
710,1835,O=C(O)C=Cc1ccc(O)cc1,O=C(O)C=Cc1ccc(O)c(O)c1,3.16716539976277,1.0173001790546636
740,747,O=C(C=Cc1ccc(O)c2oc(-c3ccc(O)c(O)c3)cc12)Nc1ccccc1,O=C(C=Cc1ccc(O)c2oc(-c3ccc(O)c(O)c3)cc12)Nc1ccc(O)cc1,0.0,-0.012449701399999569
757,758,O=C(C=Cc1ccccc1)c1ccc(O)cc1O,O=C(C=Cc1ccccc1O)c1ccc(O)cc1O,0.1872562565137197,0.057243387029002335
757,759,O=C(C=Cc1ccccc1)c1ccc(O)cc1O,O=C(C=Cc1ccc(O)cc1)c1ccc(O)cc1O,-0.16341567057240036,0.45134956032378115
763,764,Oc1ccccc1C=Nn1c(S)nnc1-c1cnccn1,Oc1ccc(C=Nn2c(S)nnc2-c2cnccn2)c(O)c1,0.0,0.2343552430926108
765,764,Oc1ccc(C=Nn2c(S)nnc2-c2cnccn2)cc1,Oc1ccc(C=Nn2c(S)nnc2-c2cnccn2)c(O)c1,-0.10989754357966941,0.2648524619941677
771,763,Sc1nnc(-c2cnccn2)n1N=Cc1ccccc1,Oc1ccccc1C=Nn1c(S)nnc1-c1cnccn1,-0.16068155138303997,-0.07501792484421799
771,765,Sc1nnc(-c2cnccn2)n1N=Cc1ccccc1,Oc1ccc(C=Nn2c(S)nnc2-c2cnccn2)cc1,-0.05078400780337056,-0.10551514374577486
795,800,CN1CC(O)(c2ccc(-c3ccccc3)cc2)Sc2ccccc21,CN1CC(O)(c2ccc(-c3ccc(O)cc3)cc2)Sc2ccccc21,0.7895166143882202,0.2645139430799963
805,804,CC(C)c1cc2c(c(O)c1O)C13CCCC(C)(COC1=O)C3CC2,CC(C)c1cc2c(c(O)c1O)C13CCCC(C)(C(O)OC1=O)C3CC2,0.08121950749820961,0.12132540019634419
826,1778,O=C(O)c1ccc(O)c(O)c1,O=C(O)c1cc(O)c(O)c(O)c1,0.39710343629830014,-0.25401028965803274
836,838,O=C1c2c(O)cc(O)cc2OC(c2ccc(O)cc2)C1c1c(O)cc(O)c2c(=O)cc(-c3ccc(O)cc3)oc12,O=C1c2c(O)cc(O)cc2OC(c2ccc(O)cc2)C1c1c(O)cc(O)c2c(=O)cc(-c3ccc(O)c(O)c3)oc12,0.6818245745780103,0.06919372925964051
866,864,O=C(Cc1ccccc1)c1c(O)cc(O)cc1O,O=C(Cc1ccc(O)cc1)c1c(O)cc(O)cc1O,-0.2692269419145905,1.031115398259197
875,868,COc1ccc(CC(=O)c2ccc(O)c(O)c2)cc1OC,COc1ccc(CC(=O)c2ccc(O)c(O)c2O)cc1OC,-0.23436920833669017,0.9260129407397066
876,870,COc1ccc(CC(=O)c2ccc(O)c(O)c2)cc1,COc1ccc(CC(=O)c2ccc(O)c(O)c2O)cc1,0.54515614344339,-0.10977891320553912
876,872,COc1ccc(CC(=O)c2ccc(O)c(O)c2)cc1,COc1ccc(CC(=O)c2cc(O)c(O)cc2O)cc1,0.5487836822479899,0.0841308354939514
877,863,COc1ccc(CC(=O)c2ccc(O)cc2O)cc1OC,COc1ccc(CC(=O)c2c(O)cc(O)cc2O)cc1OC,1.4149733479708102,0.23521223829805393
877,868,COc1ccc(CC(=O)c2ccc(O)cc2O)cc1OC,COc1ccc(CC(=O)c2ccc(O)c(O)c2O)cc1OC,0.9078173869533099,0.6702701975135277
878,864,O=C(Cc1ccc(O)cc1)c1ccc(O)cc1O,O=C(Cc1ccc(O)cc1)c1c(O)cc(O)cc1O,0.04403751016640012,0.9786018379588661
878,869,O=C(Cc1ccc(O)cc1)c1ccc(O)cc1O,O=C(Cc1ccc(O)cc1)c1ccc(O)c(O)c1O,0.6462882743864702,0.9400496204074917
878,871,O=C(Cc1ccc(O)cc1)c1ccc(O)cc1O,O=C(Cc1ccc(O)cc1)c1cc(O)c(O)cc1O,1.56255145004428,0.30127680535033186
879,865,COc1ccc(CC(=O)c2ccc(O)cc2O)cc1,COc1ccc(CC(=O)c2c(O)cc(O)cc2O)cc1,0.7238826101956004,0.29627107061145264
879,870,COc1ccc(CC(=O)c2ccc(O)cc2O)cc1,COc1ccc(CC(=O)c2ccc(O)c(O)c2O)cc1,0.4236546359634401,0.24121417816158175
879,872,COc1ccc(CC(=O)c2ccc(O)cc2O)cc1,COc1ccc(CC(=O)c2cc(O)c(O)cc2O)cc1,0.42728217476804,0.43512392686107226
881,855,O=c1cc(-c2ccc(O)c(O)c2)oc2cc(OC3OC(CO)C(O)C(O)C3O)cc(O)c12,O=c1cc(-c2ccc(O)c(O)c2)oc2cc(OC3OC(CO)C(O)C(O)C3O)c(O)c(O)c12,0.1961510529846402,0.22272335961801115
961,955,COC(=O)C(CS)NC(=O)C=Cc1ccc(O)cc1,COC(=O)C(CS)NC(=O)C=Cc1ccc(O)c(O)c1,0.82783903457275,0.7891735770939547
962,955,COC(=O)C(CS)NC(=O)C=Cc1cccc(O)c1,COC(=O)C(CS)NC(=O)C=Cc1ccc(O)c(O)c1,0.9247490475808,0.708953779749955
1001,1141,O=C(C=Cc1ccc(O)cc1)OC1CC(O)(C(=O)O)CC(OC(=O)C=Cc2ccc(O)c(O)c2)C1O,O=C(C=Cc1ccc(O)c(O)c1)OC1CC(O)(C(=O)O)CC(OC(=O)C=Cc2ccc(O)c(O)c2)C1O,0.48608053671938034,0.10714514474095438
1126,253,Oc1cccc(N=Cc2ccccc2)c1,Oc1cccc(N=Cc2ccccc2O)c1,0.028838849055579985,0.08199589907974403
1126,978,Oc1cccc(N=Cc2ccccc2)c1,Oc1ccc(C=Nc2cccc(O)c2)cc1,0.10998588312811997,-0.01606475158586207
1171,1170,CC1(c2ccc(O)cc2)NNC(=O)CO1,CC1(c2ccc(O)cc2O)NNC(=O)CO1,0.13836960763141004,-0.1808319922011572
1172,1169,CC1(c2cccc(O)c2)NNC(=O)CO1,CC1(c2cc(O)ccc2O)NNC(=O)CO1,-0.30268806294353023,0.1758991316632983
1173,1171,CC1(c2ccccc2)NNC(=O)CO1,CC1(c2ccc(O)cc2)NNC(=O)CO1,0.047006922107749816,0.3237516313915991
1173,1172,CC1(c2ccccc2)NNC(=O)CO1,CC1(c2cccc(O)c2)NNC(=O)CO1,0.17375446800260974,0.24885802896468778
1185,1187,O=C(NCC(=O)N(C(=O)NC1CCCCC1)C1CCCCC1)C(=Cc1ccccc1)NC(=O)c1ccccc1,O=C(NCC(=O)N(C(=O)NC1CCCCC1)C1CCCCC1)C(=Cc1ccc(O)cc1)NC(=O)c1ccccc1,-0.010351103260709316,-0.018981602990947977
1192,1194,O=C(NC(CS)C(=O)N(C(=O)NC1CCCCC1)C1CCCCC1)C(=Cc1ccccc1)NC(=O)c1ccccc1,O=C(NC(CS)C(=O)N(C(=O)NC1CCCCC1)C1CCCCC1)C(=Cc1ccc(O)cc1)NC(=O)c1ccccc1,-0.025799746154220315,0.05874892447113833
1204,1205,Cc1cccc2nc(-c3ccc(C(=O)NN=Cc4ccc(O)cc4)cc3)[nH]c12,Cc1cccc2nc(-c3ccc(C(=O)NN=Cc4ccc(O)cc4O)cc3)[nH]c12,0.024005380016549616,0.47928973662820873
1204,1207,Cc1cccc2nc(-c3ccc(C(=O)NN=Cc4ccc(O)cc4)cc3)[nH]c12,Cc1cccc2nc(-c3ccc(C(=O)NN=Cc4ccc(O)c(O)c4)cc3)[nH]c12,0.31025938441959955,0.5289533579741619
1210,1205,Cc1cccc2nc(-c3ccc(C(=O)NN=Cc4ccccc4O)cc3)[nH]c12,Cc1cccc2nc(-c3ccc(C(=O)NN=Cc4ccc(O)cc4O)cc3)[nH]c12,0.29481543913948016,0.40742772874545086
1210,1208,Cc1cccc2nc(-c3ccc(C(=O)NN=Cc4ccccc4O)cc3)[nH]c12,Cc1cccc2nc(-c3ccc(C(=O)NN=Cc4cc(O)ccc4O)cc3)[nH]c12,0.4657168055796701,0.2790454385580201
1210,1209,Cc1cccc2nc(-c3ccc(C(=O)NN=Cc4ccccc4O)cc3)[nH]c12,Cc1cccc2nc(-c3ccc(C(=O)NN=Cc4cccc(O)c4O)cc3)[nH]c12,0.6523707410147006,0.38845529702721926
1212,1206,Cc1cccc2nc(-c3ccc(C(=O)NN=Cc4cccc(O)c4)cc3)[nH]c12,Cc1cccc2nc(-c3ccc(C(=O)NN=Cc4cc(O)cc(O)c4)cc3)[nH]c12,0.5417667600417797,0.1311124491391702
1212,1207,Cc1cccc2nc(-c3ccc(C(=O)NN=Cc4cccc(O)c4)cc3)[nH]c12,Cc1cccc2nc(-c3ccc(C(=O)NN=Cc4ccc(O)c(O)c4)cc3)[nH]c12,0.6275245187875198,0.32574318327276863
1212,1208,Cc1cccc2nc(-c3ccc(C(=O)NN=Cc4cccc(O)c4)cc3)[nH]c12,Cc1cccc2nc(-c3ccc(C(=O)NN=Cc4cc(O)ccc4O)cc3)[nH]c12,0.5121718808246598,0.14769727173938474
1212,1209,Cc1cccc2nc(-c3ccc(C(=O)NN=Cc4cccc(O)c4)cc3)[nH]c12,Cc1cccc2nc(-c3ccc(C(=O)NN=Cc4cccc(O)c4O)cc3)[nH]c12,0.6988258162596903,0.2571071302085839
1223,1211,COc1ccc(C=NNC(=O)c2ccc(-c3nc4cccc(C)c4[nH]3)cc2)cc1,COc1ccc(C=NNC(=O)c2ccc(-c3nc4cccc(C)c4[nH]3)cc2)c(O)c1,0.47008537968296027,0.5231878236735197
1223,1214,COc1ccc(C=NNC(=O)c2ccc(-c3nc4cccc(C)c4[nH]3)cc2)cc1,COc1ccc(C=NNC(=O)c2ccc(-c3nc4cccc(C)c4[nH]3)cc2)cc1O,0.45552063117471997,0.43412177505358507
1224,1203,COc1cccc(C=NNC(=O)c2ccc(-c3nc4cccc(C)c4[nH]3)cc2)c1,COc1cc(C=NNC(=O)c2ccc(-c3nc4cccc(C)c4[nH]3)cc2)ccc1O,0.7442555765127299,0.4198381227564214
1224,1215,COc1cccc(C=NNC(=O)c2ccc(-c3nc4cccc(C)c4[nH]3)cc2)c1,COc1ccc(O)c(C=NNC(=O)c2ccc(-c3nc4cccc(C)c4[nH]3)cc2)c1,0.29126483812710013,0.5997711253096876
1285,665,COc1cc2oc(-c3ccccc3)cc(=O)c2c(O)c1O,COc1cc2oc(-c3ccc(O)cc3)cc(=O)c2c(O)c1O,-0.026256970127950474,0.03927115094138678
1296,1295,O=C(C=Cc1ccc(O)cc1)NC1CCN(Cc2ccccc2)CC1,O=C(C=Cc1ccc(O)c(O)c1)NC1CCN(Cc2ccccc2)CC1,1.9659202104277198,1.2933351325844624
1347,1340,NC(CCC(=O)NNc1cccc(O)c1)C(=O)O,NC(CCC(=O)NNc1cc(O)cc(O)c1)C(=O)O,-1.44610183482671,-0.20263466018768295
1354,1341,NC(CCC(=O)NNc1ccccc1O)C(=O)O,NC(CCC(=O)NNc1ccc(O)cc1O)C(=O)O,-0.48269284772639987,-0.8354670079568858
1355,1361,CCCCc1oc2ccc(N=Cc3ccccc3)cc2c1C(=O)c1ccc(OC)cc1,CCCCc1oc2ccc(N=Cc3ccc(O)cc3)cc2c1C(=O)c1ccc(OC)cc1,0.1933557103406498,-0.6702490484719386
1355,1363,CCCCc1oc2ccc(N=Cc3ccccc3)cc2c1C(=O)c1ccc(OC)cc1,CCCCc1oc2ccc(N=Cc3ccccc3O)cc2c1C(=O)c1ccc(OC)cc1,-0.4464174038937001,-0.20379825566456855
1361,1362,CCCCc1oc2ccc(N=Cc3ccc(O)cc3)cc2c1C(=O)c1ccc(OC)cc1,CCCCc1oc2ccc(N=Cc3ccc(O)cc3O)cc2c1C(=O)c1ccc(OC)cc1,0.4957548786547399,0.6278574787719196
1363,1362,CCCCc1oc2ccc(N=Cc3ccccc3O)cc2c1C(=O)c1ccc(OC)cc1,CCCCc1oc2ccc(N=Cc3ccc(O)cc3O)cc2c1C(=O)c1ccc(OC)cc1,1.1355279928890898,0.16140668596454955
1372,1374,COC(=O)C1(Cc2ccc3c(c2)CCC(C)(C)O3)OC(=O)C(O)=C1c1ccc(O)cc1,COC(=O)C1(Cc2ccc3c(c2)CC(O)C(C)(C)O3)OC(=O)C(O)=C1c1ccc(O)cc1,-0.14356203422876046,-0.0050831871120826655
1402,1404,COc1cc(C2Oc3c(O)cc(C4CC(=O)c5c(O)cc(O)cc5O4)cc3C2CO)ccc1O,COc1cc(C2Oc3c(O)cc(C4Oc5cc(O)cc(O)c5C(=O)C4O)cc3C2CO)ccc1O,0.35530011422835006,-0.3616703138637387
1409,1424,COc1cc(O)c2c(=O)c(OC3OC(C)C(O)C(O)C3O)c(-c3ccc(O)c(O)c3)oc2c1OC(C)=O,COc1cc(O)c2c(=O)c(OC3OC(C)C(O)C(O)C3O)c(-c3cc(O)c(O)c(O)c3)oc2c1OC(C)=O,0.09353027235668065,-0.12032828248778316
1410,1423,COc1cc(O)c2c(=O)c(OC3OC(C)C(O)C(O)C3O)c(-c3ccc(O)c(O)c3)oc2c1O,COc1cc(O)c2c(=O)c(OC3OC(C)C(O)C(O)C3O)c(-c3cc(O)c(O)c(O)c3)oc2c1O,-0.10354059190706977,0.2476525443100801
1411,1422,COc1cc(O)c2c(=O)c(O)c(-c3ccc(O)c(O)c3)oc2c1OC(C)=O,COc1cc(O)c2c(=O)c(O)c(-c3cc(O)c(O)c(O)c3)oc2c1OC(C)=O,-0.08432088570003948,0.07316094030657094
1412,1421,COc1cc(O)c2c(=O)c(O)c(-c3ccc(O)c(O)c3)oc2c1O,COc1cc(O)c2c(=O)c(O)c(-c3cc(O)c(O)c(O)c3)oc2c1O,-0.04450592058237035,0.060279008696973335
1413,552,Oc1ccc(C2Oc3cc(O)cc(O)c3CC2O)cc1,Oc1cc(O)c2c(c1)OC(c1ccc(O)c(O)c1)C(O)C2,0.4435073185257803,0.03727311042337256
1417,1416,COc1cc(C=CC(=O)NCCc2ccc(O)cc2)ccc1O,COc1cc(C=CC(=O)NCCc2ccc(O)c(O)c2)ccc1O,0.12775884055594044,0.4522841382566858
1417,1627,COc1cc(C=CC(=O)NCCc2ccc(O)cc2)ccc1O,COc1cc(C=CC(=O)NCC(O)c2ccc(O)cc2)ccc1O,-0.17185420611242996,0.03874311462522684
1419,1425,COc1cc(O)c2c(=O)c(OC3OC(C)C(O)C(O)C3O)c(-c3ccc(O)c(O)c3)oc2c1OC1OC(CO)C(O)C(O)C1O,COc1cc(O)c2c(=O)c(OC3OC(C)C(O)C(O)C3O)c(-c3cc(O)c(O)c(O)c3)oc2c1OC1OC(CO)C(O)C(O)C1O,-0.44057768603089986,0.3710392583081772
1420,1423,COc1cc(O)c2c(=O)c(OC3OC(C)C(O)C(O)C3O)c(-c3cc(O)c(O)c(O)c3)oc2c1,COc1cc(O)c2c(=O)c(OC3OC(C)C(O)C(O)C3O)c(-c3cc(O)c(O)c(O)c3)oc2c1O,0.3698527902933506,-0.3447788770560001
1435,1433,O=C(C=Cc1ccc(O)cc1)OCCOc1no[n+]([O-])c1S(=O)(=O)c1ccccc1,O=C(C=Cc1ccc(O)c(O)c1)OCCOc1no[n+]([O-])c1S(=O)(=O)c1ccccc1,1.5182004830025702,0.41168426241272726
1461,1058,CC1OC(Oc2c(-c3ccc(O)c(O)c3)oc3cc(O)cc(O)c3c2=O)C(O)C(O)C1O,O=c1c(OC2OC(CO)C(O)C(O)C2O)c(-c2ccc(O)c(O)c2)oc2cc(O)cc(O)c12,-1.3344754068373001,0.25295119300335234
1529,1533,COc1cc(C2Oc3c(OC)cc4ccc(=O)oc4c3OC2COC(=O)C=Cc2ccc(O)cc2)ccc1O,COc1cc(C2Oc3c(OC)cc4ccc(=O)oc4c3OC2COC(=O)C=Cc2ccc(O)c(O)c2)ccc1O,0.07106335582545009,0.10819697350921675
1551,247,Cc1cc(O)cc(O)c1,Cc1cc(O)cc(O)c1O,-1.6419695977020599,0.6906051019546915
1593,1137,O=C(OC1Cc2c(O)cc(O)cc2OC1c1ccc(O)c(O)c1)c1cc(O)c(O)c(O)c1,O=C(OC1Cc2c(O)cc(O)cc2OC1c1cc(O)c(O)c(O)c1)c1cc(O)c(O)c(O)c1,-0.6685073647321804,0.2781639723960927
1596,1593,O=C(OC1Cc2c(O)cc(O)cc2OC1c1ccc(O)cc1)c1cc(O)c(O)c(O)c1,O=C(OC1Cc2c(O)cc(O)cc2OC1c1ccc(O)c(O)c1)c1cc(O)c(O)c(O)c1,0.27106677228654075,0.021687276187051907
1631,1628,COc1ccc(C=CC(=O)NCCc2ccc(O)cc2)cc1O,COc1ccc(C=CC(=O)NCC(O)c2ccc(O)cc2)cc1O,0.03540407900271969,-0.15868760232969947
1632,1418,O=C(C=Cc1ccc(O)cc1)NCCc1ccc(O)cc1,O=C(C=Cc1ccc(O)cc1)NCCc1ccc(O)c(O)c1,-0.05516153942744939,0.11470372077321489
1632,1630,O=C(C=Cc1ccc(O)cc1)NCCc1ccc(O)cc1,O=C(C=Cc1ccc(O)c(O)c1)NCCc1ccc(O)cc1,0.12516677257149045,-0.006701198146606302
1662,1630,O=C(C=Cc1ccc(O)c(O)c1)NCCc1ccccc1,O=C(C=Cc1ccc(O)c(O)c1)NCCc1ccc(O)cc1,-0.5377278663192504,-0.448058708873738
1699,1697,CC(=O)c1ccc2c(c1)CC(C1(C)CO1)O2,CC(=O)c1ccc2c(c1O)CC(C1(C)CO1)O2,0.3108529067288499,0.24619263418009396
1701,532,O=c1c(O)c(-c2ccc(O)c(O)c2)oc2cc(O)ccc12,O=c1c(O)c(-c2ccc(O)c(O)c2)oc2cc(O)cc(O)c12,0.33044517325554956,-0.26367652562082533
1718,1721,O=c1cc(-c2ccccc2)oc2cccc(O)c12,O=c1cc(-c2ccccc2)oc2cc(O)cc(O)c12,0.09518057870183938,0.7111039414126612
1720,1721,O=c1cc(-c2ccccc2)oc2cc(O)ccc12,O=c1cc(-c2ccccc2)oc2cc(O)cc(O)c12,0.10241898762575952,0.718409340164099
1720,1745,O=c1cc(-c2ccccc2)oc2cc(O)ccc12,O=c1cc(-c2ccccc2)oc2c(O)c(O)ccc12,0.8165419106633798,0.441458836195447
1721,529,O=c1cc(-c2ccccc2)oc2cc(O)cc(O)c12,O=c1cc(-c2ccccc2)oc2cc(O)c(O)c(O)c12,0.3727500198107707,0.4871813916134258
1721,1700,O=c1cc(-c2ccccc2)oc2cc(O)cc(O)c12,O=c1c(O)c(-c2ccccc2)oc2cc(O)cc(O)c12,0.27923511455745054,0.15373702095533215
1747,1049,COc1ccc(C(C)=O)c(O)c1,COc1ccc(C(C)=O)c(O)c1O,2.6399518801030104,0.9097095754084581
1799,1798,O=C(C=Cc1ccccc1O)CC(=O)C=Cc1cccc(O)c1O,O=C(C=Cc1cccc(O)c1O)CC(=O)C=Cc1cccc(O)c1O,-0.11539341870206954,0.15333636402543593
1799,1803,O=C(C=Cc1ccccc1O)CC(=O)C=Cc1cccc(O)c1O,O=C(C=Cc1cc(O)ccc1O)CC(=O)C=Cc1cccc(O)c1O,-0.06963592814139918,-0.17044067836453447
1800,1797,O=C(C=Cc1cccc(O)c1)CC(=O)C=Cc1cccc(O)c1O,O=C(C=Cc1ccc(O)c(O)c1)CC(=O)C=Cc1cccc(O)c1O,0.18364439694613033,-0.04660966865402205
1800,1798,O=C(C=Cc1cccc(O)c1)CC(=O)C=Cc1cccc(O)c1O,O=C(C=Cc1cccc(O)c1O)CC(=O)C=Cc1cccc(O)c1O,-0.01472325682069986,0.163750449993306
1800,1803,O=C(C=Cc1cccc(O)c1)CC(=O)C=Cc1cccc(O)c1O,O=C(C=Cc1cc(O)ccc1O)CC(=O)C=Cc1cccc(O)c1O,0.031034233739970496,-0.1600265923966644
1801,1797,O=C(C=Cc1ccc(O)cc1)CC(=O)C=Cc1cccc(O)c1O,O=C(C=Cc1ccc(O)c(O)c1)CC(=O)C=Cc1cccc(O)c1O,0.15261016320615983,-0.012775340641207222
1804,1803,O=C(C=Cc1ccccc1O)CC(=O)C=Cc1cc(O)ccc1O,O=C(C=Cc1cc(O)ccc1O)CC(=O)C=Cc1cccc(O)c1O,0.2498774732166007,-0.08496753257147471
1804,1807,O=C(C=Cc1ccccc1O)CC(=O)C=Cc1cc(O)ccc1O,O=C(C=Cc1cc(O)ccc1O)CC(=O)C=Cc1cc(O)ccc1O,-0.0746336182968994,-0.07781712906437033
1805,1802,O=C(C=Cc1cccc(O)c1)CC(=O)C=Cc1cc(O)ccc1O,O=C(C=Cc1ccc(O)c(O)c1)CC(=O)C=Cc1cc(O)ccc1O,0.1663314217665297,0.1144696981431812
1805,1803,O=C(C=Cc1cccc(O)c1)CC(=O)C=Cc1cc(O)ccc1O,O=C(C=Cc1cc(O)ccc1O)CC(=O)C=Cc1cccc(O)c1O,0.5131189079911804,-0.022913997082210535
1805,1807,O=C(C=Cc1cccc(O)c1)CC(=O)C=Cc1cc(O)ccc1O,O=C(C=Cc1cc(O)ccc1O)CC(=O)C=Cc1cc(O)ccc1O,0.18860781647768032,-0.01576359357510615
1806,1802,O=C(C=Cc1ccc(O)cc1)CC(=O)C=Cc1cc(O)ccc1O,O=C(C=Cc1ccc(O)c(O)c1)CC(=O)C=Cc1cc(O)ccc1O,-0.1653673936639004,0.3980342619406585
1808,1811,O=C(C=Cc1ccc(O)c(O)c1)C=Cc1ccccc1O,O=C(C=Cc1ccc(O)c(O)c1)C=Cc1cc(O)ccc1O,0.39445168082620974,0.5691427887238669
1809,1811,O=C(C=Cc1cccc(O)c1)C=Cc1ccc(O)c(O)c1,O=C(C=Cc1ccc(O)c(O)c1)C=Cc1cc(O)ccc1O,0.45331834004703975,0.26989006100980184
1812,1815,O=C(C=Cc1ccccc1O)C=Cc1cccc(O)c1O,O=C(C=Cc1cc(O)ccc1O)C=Cc1cccc(O)c1O,0.8816918422907101,0.08205732377578556
1813,1815,O=C(C=Cc1cccc(O)c1)C=Cc1cccc(O)c1O,O=C(C=Cc1cc(O)ccc1O)C=Cc1cccc(O)c1O,0.5672978850687507,0.20350784280490508
1816,1818,O=C(C=Cc1ccccc1O)CC(=O)c1ccc(O)c(O)c1,O=C(C=Cc1cc(O)ccc1O)CC(=O)c1ccc(O)c(O)c1,-0.7096938697277899,-0.38223533708920066
1817,1818,O=C(C=Cc1cccc(O)c1)CC(=O)c1ccc(O)c(O)c1,O=C(C=Cc1cc(O)ccc1O)CC(=O)c1ccc(O)c(O)c1,-0.9138138523837203,-0.1143803397859493
1860,1540,Cc1c(Br)c(O)c(O)c(Br)c1Br,OCc1c(Br)c(O)c(O)c(Br)c1Br,0.27106677228653986,-0.0424807123397235
1902,22,COc1cc(C=CC=O)ccc1O,COc1cc(C=CC(=O)O)ccc1O,0.12848587793889,-0.4682236948911296
